,strategy,gov_policy,age_prob,effective_r,base_r,manual_traces,app_traces,test_needed,persondays_quarantined,secondary_infections,secondary_infections_social,secondary_infections_isolating,secondary_infections_contact
0,S1,no_TTI,0.0,2.390418484993798,4.0774818401937045,0.0,0.0,0.0,820.0799999999999,80.832,0.0,33.44434395348294,-1.3322676295501879e-18
1,S1,no_TTI,0.0,2.4332412288942047,3.9794933655006033,0.0,0.0,0.0,784.992,79.176,0.0,30.76423250992089,6.661338147750939e-18
2,S1,no_TTI,0.25,2.281280156722432,3.86099706744868,0.0,0.0,0.0,828.192,78.996,0.0,32.32100799345902,-1.865174681370263e-17
3,S1,no_TTI,0.25,2.2832895700719793,3.8364779874213837,0.0,0.0,0.0,797.256,73.2,0.0,29.63483500302661,1.7319479184152442e-17
4,S1,no_TTI,0.5,2.0271784121152088,3.6048438495857233,0.0,0.0,0.0,833.64,67.872,0.0,29.70428485669484,-2.6645352591003758e-18
5,S1,no_TTI,0.5,2.1403101663206217,3.5847709696609162,0.0,0.0,0.0,855.552,72.312,0.0,29.137663324980405,0.0
6,S1,no_TTI,0.75,1.8900909739477785,3.278698224852071,0.0,0.0,0.0,859.848,66.492,0.0,28.160955048339048,-3.996802888650563e-18
7,S1,no_TTI,0.75,2.0618886487539885,3.511750881316099,0.0,0.0,0.0,874.4399999999999,71.724,0.0,29.61198623784851,-2.6645352591003758e-18
8,S1,no_TTI,1.0,1.8463972893143976,3.091588785046729,0.0,0.0,0.0,840.048,59.544,0.0,23.982388207804682,-2.531308496145357e-17
9,S1,no_TTI,1.0,1.8791784046609694,3.2062305295950155,0.0,0.0,0.0,891.528,61.751999999999995,0.0,25.55902392622972,1.7319479184152442e-17
10,S1,symptom_based_TTI,0.0,2.0987356772698917,4.154302670623146,1886.604,339.912,90.20400000000001,6039.264,84.0,0.0,32.71357900147944,8.849985604123312
11,S1,symptom_based_TTI,0.0,1.9255259480177394,3.955109273479031,1827.516,340.368,89.184,5896.968,80.352,0.0,32.609453708420865,8.62356113165068
12,S1,symptom_based_TTI,0.25,1.8731408753757512,3.9720238095238094,1764.36,294.096,89.904,5670.744,80.076,0.0,34.48755847062914,7.825921481795692
13,S1,symptom_based_TTI,0.25,1.8985648128421726,3.7827997489014438,1725.54,312.6,90.50399999999999,5411.28,72.312,0.0,28.949418807984284,7.069616229724733
14,S1,symptom_based_TTI,0.5,1.815756524414202,3.6066547831253715,1709.82,270.64799999999997,89.904,5681.76,72.84,0.0,28.710587712142328,7.458393520788427
15,S1,symptom_based_TTI,0.5,1.8036705555000205,3.6017804154302673,1662.132,262.476,89.064,5376.216,72.828,0.0,29.150523187146682,7.207258180642882
16,S1,symptom_based_TTI,0.75,1.6994360756106048,3.3608978145304196,1626.06,253.668,88.932,5320.392,68.28,0.0,26.798278409974174,6.955978277920761
17,S1,symptom_based_TTI,0.75,1.5928428570677453,3.438670694864048,1601.988,259.464,89.68799999999999,5346.96,68.292,0.0,29.450973919643726,7.2071669389908575
18,S1,symptom_based_TTI,1.0,1.5253197772051152,3.280825958702065,1617.0,248.208,89.79599999999999,5326.1759999999995,66.732,0.0,27.557159837319528,8.149835894328401
19,S1,symptom_based_TTI,1.0,1.5369413945514263,3.407294832826748,1599.168,233.196,90.432,5428.728,67.26,0.0,29.002534125260485,7.918242746294339
20,S1,test_based_TTI,0.0,2.1180770137263822,4.106533254855798,203.4,31.68,90.012,3219.576,83.724,0.0,34.01602105094006,6.524624793206368
21,S1,test_based_TTI,0.0,2.1842945262396194,4.297149787750151,191.628,32.568,89.136,3075.84,85.032,0.0,35.25210259801951,6.557077316750821
22,S1,test_based_TTI,0.25,1.8502815456975856,3.6331395348837208,180.264,33.504,89.256,2980.0080000000003,74.988,0.0,30.652426787574456,6.145762109227332
23,S1,test_based_TTI,0.25,1.98437333479391,3.8702903026559605,176.796,31.895999999999997,90.15599999999999,2893.464,75.19200000000001,0.0,30.753337573513253,5.886257278110625
24,S1,test_based_TTI,0.5,1.8636352803162057,3.5448954489544895,172.248,30.66,89.532,2849.616,69.168,0.0,26.938281844684703,5.866466565785479
25,S1,test_based_TTI,0.5,1.8720724451930362,3.4993990384615383,169.87199999999999,24.192,89.32799999999999,2828.04,69.876,0.0,27.177404510619837,5.3170529037655845
26,S1,test_based_TTI,0.75,1.8299999391725126,3.6480611045828435,195.564,30.624,90.14399999999999,3131.856,74.508,0.0,30.538501498586,6.593579743754591
27,S1,test_based_TTI,0.75,1.7987844992170752,3.546233925290876,202.764,33.336,89.58000000000001,3206.712,69.49199999999999,0.0,28.281810922070452,5.961208031271727
28,S1,test_based_TTI,1.0,1.6683142574222607,3.0835857056329496,155.304,20.352,89.712,2658.696,61.092,0.0,23.476117724239725,4.5632402077104395
29,S1,test_based_TTI,1.0,1.6419882386061155,3.202159568086383,175.968,28.872,89.028,2901.264,64.05600000000001,0.0,25.81413258634627,5.395534688576991
30,S1,test_based_TTI_test_contacts,0.0,2.025031040185545,3.9685767097966727,187.93200000000002,34.392,242.4,1114.128,77.292,0.0,31.726853283017718,6.125642178328603
31,S1,test_based_TTI_test_contacts,0.0,2.126513510408725,3.9584587597832632,174.096,33.168,233.052,1099.416,78.89999999999999,0.0,30.80428718457382,5.710045525959365
32,S1,test_based_TTI_test_contacts,0.25,2.007599933499686,3.882978723404255,184.26000000000002,27.576,238.272,1147.4640000000002,78.84,0.0,31.622559342957224,6.455131607265064
33,S1,test_based_TTI_test_contacts,0.25,2.0848605468112846,3.9048723897911835,190.98,37.32,244.69199999999998,1140.1680000000001,80.784,0.0,30.78629962015767,6.866105387410402
34,S1,test_based_TTI_test_contacts,0.5,1.972232613165742,3.5141993957703925,172.02,27.503999999999998,227.06400000000002,1111.5839999999998,69.792,0.0,24.905335788752435,5.718124513775871
35,S1,test_based_TTI_test_contacts,0.5,1.8194686639130875,3.4127604166666665,144.39600000000002,24.744,207.132,1056.816,62.903999999999996,0.0,24.782803530799853,4.5847500559540935
36,S1,test_based_TTI_test_contacts,0.75,1.7807654628325387,3.326493663246832,161.004,28.116,219.48,1101.528,66.144,0.0,25.44541346669123,5.289846070346521
37,S1,test_based_TTI_test_contacts,0.75,1.7734847140270364,3.586497890295359,177.756,29.328,233.16,1163.76,71.39999999999999,0.0,30.429044800478128,5.664421512671604
38,S1,test_based_TTI_test_contacts,1.0,1.6239781951537888,3.1725796752856286,167.47199999999998,23.136,222.168,1151.04,63.312,0.0,25.751724516323463,5.152166621187514
39,S1,test_based_TTI_test_contacts,1.0,1.4309295236892727,3.0839606253618994,167.07600000000002,28.548000000000002,224.76,1171.224,63.91199999999999,0.0,29.13396177030287,5.123454780760646
40,S2,no_TTI,0.0,2.172840197759293,4.292917166866746,0.0,0.0,0.0,826.056,85.824,12.719999999999999,29.664578766396215,-2.1316282072803006e-17
41,S2,no_TTI,0.0,2.073607079709921,4.032015065913371,0.0,0.0,0.0,818.808,77.076,10.008000000000001,27.428927064265135,1.4654943925052067e-17
42,S2,no_TTI,0.25,2.0988958591832128,3.9950647748303516,0.0,0.0,0.0,804.648,77.71199999999999,10.308,26.576277747168124,-2.9309887850104134e-17
43,S2,no_TTI,0.25,1.989889893206134,3.670053795576808,0.0,0.0,0.0,806.448,73.67999999999999,9.948,23.782970503993646,-1.3322676295501879e-18
44,S2,no_TTI,0.5,1.9877406706772986,3.57083084279737,0.0,0.0,0.0,837.984,71.688,5.279999999999999,26.502118295482532,-1.3322676295501878e-17
45,S2,no_TTI,0.5,1.9652548817340676,3.5614355231143553,0.0,0.0,0.0,864.24,70.26,6.0,25.489451693150297,-1.5987211554602253e-17
46,S2,no_TTI,0.75,1.9228132669562625,3.567209162145871,0.0,0.0,0.0,884.664,71.016,3.228,29.50863348143472,-3.3306690738754695e-17
47,S2,no_TTI,0.75,1.9363741242803385,3.417556346381969,0.0,0.0,0.0,859.824,69.144,2.88,27.08727871756017,4.5297099404706384e-17
48,S2,no_TTI,1.0,1.8859240855459811,3.125748502994012,0.0,0.0,0.0,889.848,62.64,0.636,24.2100813256585,-5.3290705182007515e-18
49,S2,no_TTI,1.0,1.8472420074030635,3.19205298013245,0.0,0.0,0.0,873.7679999999999,63.624,0.8520000000000001,25.952772308442132,1.5987211554602253e-17
50,S2,symptom_based_TTI,0.0,1.6765285179525784,4.084288990825688,1645.9199999999998,264.012,89.664,5538.096,85.476,12.672,30.05302952629527,7.664581649993158
51,S2,symptom_based_TTI,0.0,1.6803321260586714,4.227460223924573,1630.9199999999998,260.268,90.50399999999999,5472.816,86.08800000000001,13.38,30.600555506309526,7.889161078631687
52,S2,symptom_based_TTI,0.25,1.5916801561689886,3.822356495468278,1712.268,257.292,90.552,5481.576,75.912,8.544,28.89468064942172,6.8625514490621535
53,S2,symptom_based_TTI,0.25,1.6849346143617403,3.878443113772455,1630.044,258.204,89.49600000000001,5253.7919999999995,77.724,10.260000000000002,26.739003128983253,6.958907199207461
54,S2,symptom_based_TTI,0.5,1.6638221796328336,3.609873570138471,1636.848,259.99199999999996,88.908,5437.968,71.952,5.52,24.91403014819243,8.3546661673659
55,S2,symptom_based_TTI,0.5,1.542441847216817,3.638644918444166,1662.4920000000002,262.632,90.19200000000001,5453.951999999999,69.6,7.104,25.635786043852413,7.356386302584287
56,S2,symptom_based_TTI,0.75,1.608023875719946,3.4253012048192772,1664.196,246.52799999999996,88.932,5377.32,68.232,3.492,25.41198601991641,7.2961783757422705
57,S2,symptom_based_TTI,0.75,1.5608894993331195,3.3831719128329296,1657.992,247.728,88.488,5391.96,67.068,3.444,25.41418432894809,7.266742236272132
58,S2,symptom_based_TTI,1.0,1.4679331756274057,3.219825072886297,1621.728,231.312,88.872,5286.312,66.26400000000001,0.7799999999999999,27.742283529116914,7.5316517164710675
59,S2,symptom_based_TTI,1.0,1.5623043352361632,3.2154798761609906,1626.048,229.764,90.16799999999999,5012.496,62.315999999999995,0.6120000000000001,25.50920389945065,5.917338083672495
60,S2,test_based_TTI,0.0,1.833792534972722,4.246968730057435,165.82799999999997,25.608,90.3,2724.0,79.86,12.276,27.614935081932032,5.48643009044084
61,S2,test_based_TTI,0.0,1.7907712121743131,4.35272504592774,171.588,22.284,89.58000000000001,2815.656,85.29599999999999,14.196,30.648160968234,5.3598863579981355
62,S2,test_based_TTI,0.25,1.6899500334648279,3.830155979202773,189.936,33.912,89.84400000000001,3044.712,79.56,8.916,29.721177615325825,5.819180289542715
63,S2,test_based_TTI,0.25,1.7697202297732002,3.9887640449438204,187.476,33.264,90.67200000000001,3019.6079999999997,80.94,11.844,27.20235140020583,5.98248569723635
64,S2,test_based_TTI,0.5,1.6694582399483877,3.7130902570233113,190.692,35.628,88.716,3028.1040000000003,74.544,7.308000000000001,27.57383612972287,6.146120245073283
65,S2,test_based_TTI,0.5,1.6095655114065648,3.6416115453998796,192.108,30.528000000000002,89.652,3047.472,72.672,8.016,26.316256605943792,6.219254048426795
66,S2,test_based_TTI,0.75,1.7006798914996124,3.444915254237288,186.46800000000002,26.808,89.7,3029.4719999999998,68.292,3.42,25.41761133704442,5.740110493867215
67,S2,test_based_TTI,0.75,1.6881454621217065,3.458093410108765,154.11599999999999,22.404,89.7,2589.9840000000004,64.86,3.2399999999999998,24.70904736592943,5.248096346515847
68,S2,test_based_TTI,1.0,1.5031039074150374,2.9440096327513547,150.492,19.812,88.668,2563.2960000000003,58.68,0.624,23.078077807821124,5.018055109582327
69,S2,test_based_TTI,1.0,1.5297485852081498,3.1553855208946437,171.54,23.052,89.80799999999999,2838.2160000000003,64.33200000000001,0.972,26.65816561947492,5.5133202253012925
70,S2,test_based_TTI_test_contacts,0.0,1.9100213465365037,4.073690270581462,188.66400000000002,29.052,239.184,1110.84,84.912,11.808,27.440549393241444,5.850965659551571
71,S2,test_based_TTI_test_contacts,0.0,1.7680531900396088,4.139093137254902,168.56400000000002,24.828,223.96800000000002,1081.632,81.06,12.144,28.726460510642525,5.563985815621771
72,S2,test_based_TTI_test_contacts,0.25,1.7273696724487442,3.9028026237328564,193.332,28.343999999999998,242.94000000000003,1144.8719999999998,78.53999999999999,9.528,28.3572101878834,5.893202523758042
73,S2,test_based_TTI_test_contacts,0.25,1.703736946703315,3.8340348767288033,168.756,24.444,225.048,1113.384,76.512,10.44,26.756240418523976,5.3159850730646685
74,S2,test_based_TTI_test_contacts,0.5,1.568247357235699,3.593806921675774,167.448,25.104,222.89999999999998,1118.52,71.02799999999999,6.504,28.25203005633038,5.277129175263262
75,S2,test_based_TTI_test_contacts,0.5,1.7108533873293776,3.758771929824561,160.98,23.184,217.93200000000002,1090.32,71.988,8.363999999999999,25.943669323158534,4.914066602709181
76,S2,test_based_TTI_test_contacts,0.75,1.7149712796002068,3.543529411764706,186.14399999999998,27.900000000000002,236.928,1158.1680000000001,72.28800000000001,3.984,27.433028775863235,5.885557120292513
77,S2,test_based_TTI_test_contacts,0.75,1.6787668862876388,3.5096618357487923,173.688,25.092000000000002,227.16,1145.448,69.744,4.548,26.347836798337152,5.487707637354876
78,S2,test_based_TTI_test_contacts,1.0,1.5510329677388075,3.0767867690490256,167.652,23.004,221.02800000000002,1127.736,62.508,0.504,24.833718751750222,5.659495475668138
79,S2,test_based_TTI_test_contacts,1.0,1.541634471561946,3.0371014492753625,178.38,23.124000000000002,228.66,1165.632,62.868,0.156,25.47750336679295,5.322663071874746
80,S3,no_TTI,0.0,1.6297546364353077,3.7716121495327104,0.0,0.0,0.0,802.272,77.48400000000001,23.087999999999997,20.914320749073035,-2.2648549702353192e-17
81,S3,no_TTI,0.0,1.7191409921365586,4.199881023200476,0.0,0.0,0.0,826.9920000000001,84.72,26.471999999999998,23.569487906621344,1.4654943925052067e-17
82,S3,no_TTI,0.25,1.6205953273283071,3.934476423759951,0.0,0.0,0.0,800.616,77.1,23.412,21.930813965674474,-5.3290705182007515e-18
83,S3,no_TTI,0.25,1.647211032296469,3.871970167806091,0.0,0.0,0.0,807.672,74.76,22.355999999999998,20.599649388419756,2.1316282072803006e-17
84,S3,no_TTI,0.5,1.4266210799466152,3.5002967359050445,0.0,0.0,0.0,855.672,70.776,20.988,20.941721763479425,1.199040866595169e-17
85,S3,no_TTI,0.5,1.4899835110332467,3.682766845557543,0.0,0.0,0.0,839.856,74.11200000000001,24.612000000000002,19.515571823966944,5.861977570020827e-17
86,S3,no_TTI,0.75,1.2831614123063322,3.352975495915986,0.0,0.0,0.0,862.5360000000001,68.964,24.18,18.39193607168335,2.6645352591003758e-18
87,S3,no_TTI,0.75,1.2712160271571828,3.4501758499413833,0.0,0.0,0.0,853.0079999999999,70.632,23.532,21.07566549203813,-1.865174681370263e-17
88,S3,no_TTI,1.0,1.2391159309146935,3.2449324324324325,0.0,0.0,0.0,896.784,69.156,24.0,18.747961280346054,1.3322676295501878e-17
89,S3,no_TTI,1.0,1.2928937648884224,3.2126436781609193,0.0,0.0,0.0,903.3119999999999,67.08000000000001,21.372,18.71237818912974,-3.996802888650563e-18
90,S3,symptom_based_TTI,0.0,1.261158997092656,4.199261992619927,1469.532,210.492,89.82000000000001,4675.776,81.93599999999999,29.075999999999997,22.301705645018778,5.950560003709329
91,S3,symptom_based_TTI,0.0,1.3043691652291587,3.8581997533908754,1481.196,211.79999999999998,90.57600000000001,4650.984,75.096,21.168,22.770241357023302,5.769517210956362
92,S3,symptom_based_TTI,0.25,1.229755298572099,3.815171583383504,1319.844,179.784,89.568,4425.84,76.04400000000001,23.267999999999997,21.959192225017745,6.305325163843185
93,S3,symptom_based_TTI,0.25,1.2836822048119958,3.7327690447400244,1305.216,195.24,89.208,4309.512,74.088,22.512,20.758325436200415,5.339150162691093
94,S3,symptom_based_TTI,0.5,1.0657063101114426,3.711136890951276,1139.88,158.67600000000002,89.184,4045.3199999999997,76.77600000000001,28.092,21.31285862813531,5.323809228279193
95,S3,symptom_based_TTI,0.5,1.0813028818298147,3.4548156956004754,1220.1960000000001,167.616,89.49600000000001,4044.504,69.732,22.62,20.44842211629963,4.83856051684741
96,S3,symptom_based_TTI,0.75,1.0769746813136865,3.471301020408163,1065.828,150.588,90.24,3613.8720000000003,65.316,21.288,19.629653543596838,4.133990852804844
97,S3,symptom_based_TTI,0.75,0.9534479795298799,3.091753774680604,1049.6399999999999,141.84,89.49600000000001,3756.792,63.888,21.564,17.627858262888807,4.994092688105774
98,S3,symptom_based_TTI,1.0,1.0308082557360008,3.002372479240807,991.08,144.58800000000002,88.86,3507.504,60.744,19.02,16.547630935597287,4.321056434351945
99,S3,symptom_based_TTI,1.0,1.0450756086377728,3.234736218138708,974.964,128.088,90.31200000000001,3605.544,65.484,22.008000000000003,17.982643409807498,4.33684596892944
100,S3,test_based_TTI,0.0,1.4766240445790288,4.032432432432432,134.112,21.575999999999997,89.892,2338.656,80.568,24.948,22.11480003363086,4.00225155568011
101,S3,test_based_TTI,0.0,1.457250944351028,3.9659653465346536,150.29999999999998,29.028,89.32799999999999,2549.208,76.908,20.580000000000002,23.23042869798152,4.838560989163351
102,S3,test_based_TTI,0.25,1.2829054295469426,3.8616429894996913,137.94,18.6,90.50399999999999,2419.704,75.024,22.284,23.31237885871743,4.5033344560445725
103,S3,test_based_TTI,0.25,1.2671809723193153,4.0,156.924,22.512,90.52799999999999,2655.048,81.792,27.348,24.069713500179574,4.4629699778350895
104,S3,test_based_TTI,0.5,1.2030352923226273,3.568592057761733,134.772,17.424,90.096,2410.056,71.172,20.712,22.231986223006245,4.23467790691131
105,S3,test_based_TTI,0.5,1.3271192789788857,3.644776119402985,151.78799999999998,23.196,89.316,2581.632,73.26,22.259999999999998,19.78638969974744,4.5385127927769755
106,S3,test_based_TTI,0.75,1.1578405175519093,3.370612730517549,126.35999999999999,20.567999999999998,89.48400000000001,2302.752,67.992,21.216,19.301748986402405,4.118292093540503
107,S3,test_based_TTI,0.75,1.215599038229492,3.6612529002320184,130.272,18.252000000000002,89.12400000000001,2342.0879999999997,75.744,25.032,21.198427701522878,4.365259395585408
108,S3,test_based_TTI,1.0,1.1044366822843774,3.0586475164572113,106.272,13.224,90.0,2078.6639999999998,61.332,19.356,16.566347809191083,3.2634878376426064
109,S3,test_based_TTI,1.0,0.9386102006260918,3.296518607442977,108.648,16.896,89.976,2114.808,65.904,22.956,20.76112753397238,3.422177335110822
110,S3,test_based_TTI_test_contacts,0.0,1.4806520361984987,3.947953216374269,153.56400000000002,26.724,210.876,1061.976,81.012,22.488,23.128661754258623,5.012358462948164
111,S3,test_based_TTI_test_contacts,0.0,1.3566360116349057,3.7725295214418892,130.776,19.008000000000003,193.11599999999999,986.352,72.84,22.728,19.857892396647134,4.060179490706128
112,S3,test_based_TTI_test_contacts,0.25,1.3492599011059985,3.903341288782816,153.25199999999998,19.788,210.924,1086.432,78.504,24.456,22.453501421491858,4.458183447464309
113,S3,test_based_TTI_test_contacts,0.25,1.4308632197184374,3.9553039332538735,152.688,17.4,210.38400000000001,1107.36,79.64399999999999,23.472,22.435627592450004,4.924510615299521
114,S3,test_based_TTI_test_contacts,0.5,1.2039373441983654,3.622560975609756,117.54,18.18,183.048,1005.72,71.292,23.448,20.570384871158105,3.5801281950180885
115,S3,test_based_TTI_test_contacts,0.5,1.1124140399609688,3.4778443113772455,111.96000000000001,15.588,177.264,1036.464,69.696,23.94,19.926385540745805,3.5368370984364033
116,S3,test_based_TTI_test_contacts,0.75,1.1652894628687933,3.3568414707655214,115.596,13.524,180.39600000000002,1055.1599999999999,66.82799999999999,21.048000000000002,19.05960655155427,3.521810821653816
117,S3,test_based_TTI_test_contacts,0.75,1.2100990246742416,3.252601156069364,106.908,16.740000000000002,174.0,1055.0639999999999,67.524,19.968,18.640322681671513,3.794021566091248
118,S3,test_based_TTI_test_contacts,1.0,0.9911285723512999,3.2262905162064826,110.7,15.072,174.372,1029.9119999999998,64.5,22.68,18.541676846351617,3.4636807352012178
119,S3,test_based_TTI_test_contacts,1.0,1.000773751734512,3.228739002932551,109.176,14.28,176.376,1060.968,66.06,22.259999999999998,20.078429942056815,3.24573909745508
120,S4,no_TTI,0.0,1.2662973157943507,4.01034692635423,0.0,0.0,0.0,808.8480000000001,79.06800000000001,36.336,17.76568212179858,2.531308496145357e-17
121,S4,no_TTI,0.0,1.2533297142919413,4.121137206427688,0.0,0.0,0.0,814.824,80.01599999999999,37.163999999999994,18.51735026730767,1.199040866595169e-17
122,S4,no_TTI,0.25,1.0721250472205892,3.984080188679245,0.0,0.0,0.0,830.208,81.084,43.391999999999996,15.872111038966565,-3.996802888650563e-18
123,S4,no_TTI,0.25,1.0121587129014473,3.7213496218731823,0.0,0.0,0.0,814.752,76.76400000000001,39.492,16.39319007026894,-1.865174681370263e-17
124,S4,no_TTI,0.5,0.8171162228429911,3.343101343101343,0.0,0.0,0.0,819.552,65.712,36.983999999999995,12.66676352379816,-3.4638958368304884e-17
125,S4,no_TTI,0.5,0.9515649186490219,3.5794780545670224,0.0,0.0,0.0,834.744,72.42,39.672,13.495938565892983,-3.996802888650563e-18
126,S4,no_TTI,0.75,0.6624432587977638,3.2365250475586556,0.0,0.0,0.0,871.2959999999999,61.248,38.016000000000005,10.695923770511119,2.1316282072803006e-17
127,S4,no_TTI,0.75,0.7122133689064732,3.323512080141426,0.0,0.0,0.0,871.9920000000001,67.67999999999999,41.687999999999995,11.488486955588582,1.199040866595169e-17
128,S4,no_TTI,1.0,0.5499476670864636,3.324644549763033,0.0,0.0,0.0,862.656,67.34400000000001,46.775999999999996,9.428260055496596,9.325873406851316e-18
129,S4,no_TTI,1.0,0.5302142530911107,3.147866744593805,0.0,0.0,0.0,892.7520000000001,64.63199999999999,44.519999999999996,9.22564095553332,4.263256414560601e-17
130,S4,symptom_based_TTI,0.0,1.1297143048382545,3.9734564339296017,1134.0120000000002,165.83999999999997,88.39200000000001,3826.8959999999997,82.632,35.147999999999996,18.81591493795215,5.174546378631523
131,S4,symptom_based_TTI,0.0,1.158318406932231,4.1928143712574855,1155.528,162.276,88.548,3869.952,84.024,36.876000000000005,19.313306195132245,4.62199292994586
132,S4,symptom_based_TTI,0.25,0.9224542850369954,3.775800711743772,907.668,122.904,89.532,3184.392,76.39200000000001,38.123999999999995,16.202449579029434,3.402455326102084
133,S4,symptom_based_TTI,0.25,0.8950811841247314,3.8972939729397296,881.9879999999999,118.332,89.47200000000001,3235.584,76.04400000000001,37.163999999999994,17.145964356517418,4.269211578840839
134,S4,symptom_based_TTI,0.5,0.8011214765067816,3.566706730769231,670.884,97.18799999999999,89.12400000000001,2622.336,71.22,38.652,13.824482043197808,2.746724313914777
135,S4,symptom_based_TTI,0.5,0.7406713376633076,3.542372881355932,703.728,92.772,89.41199999999999,2913.456,72.732,39.576,14.124292298918604,3.824243796178377
136,S4,symptom_based_TTI,0.75,0.5828174045429783,3.3526187576126674,493.188,68.412,89.83200000000001,2176.824,66.06,40.68,12.025688955614138,1.8704769052710195
137,S4,symptom_based_TTI,0.75,0.5849146472834796,3.3720238095238093,462.228,57.228,89.03999999999999,2101.8,67.98,42.516,11.490215230230834,2.1819054805342213
138,S4,symptom_based_TTI,1.0,0.4215407082952803,3.1792114695340503,261.82800000000003,29.94,89.34,1540.632,63.864000000000004,45.552,8.887974800707012,0.9561154510573993
139,S4,symptom_based_TTI,1.0,0.47847653020269915,3.074984634296251,256.836,31.68,89.82000000000001,1525.776,60.035999999999994,40.668,8.937853893897156,1.0883703304253478
140,S4,test_based_TTI,0.0,1.0720391216274614,4.013414634146342,107.628,11.508,89.208,2023.0559999999998,78.984,36.156,18.31304596554992,3.417224120821662
141,S4,test_based_TTI,0.0,1.007894387499975,4.032736256948734,98.124,13.991999999999999,88.728,1907.3039999999999,78.348,37.236000000000004,18.194928848744993,3.3356989909055117
142,S4,test_based_TTI,0.25,0.9816122671518759,3.835351089588378,101.604,12.528,89.712,1994.5440000000003,76.03200000000001,36.144000000000005,17.464900210899053,2.9636182050821716
143,S4,test_based_TTI,0.25,0.9317690385023577,3.936632468316234,89.256,11.592,89.304,1833.3600000000001,78.276,40.308,16.589366367382446,2.8513380710366865
144,S4,test_based_TTI,0.5,0.806296236456673,3.4900249376558605,66.66,9.204,89.892,1594.944,67.176,37.08,12.467080945270915,2.109329095411047
145,S4,test_based_TTI,0.5,0.7238624606347108,3.673357664233577,70.83600000000001,10.847999999999999,88.884,1621.752,72.468,41.232,14.42773402623191,2.5279073503665317
146,S4,test_based_TTI,0.75,0.652211922039447,3.4855247285886612,46.5,5.952,89.028,1386.1200000000001,69.348,42.912,11.676242354791041,1.7833492443121297
147,S4,test_based_TTI,0.75,0.6228624638424041,3.3921319796954315,46.355999999999995,4.92,89.664,1352.808,64.152,38.94,12.127266433763511,1.3051586500489436
148,S4,test_based_TTI,1.0,0.49556133863860125,3.351145038167939,31.355999999999998,3.156,89.4,1232.064,68.484,47.832,9.564544724499925,0.9601637590816309
149,S4,test_based_TTI,1.0,0.5074988770198605,3.2610489098408957,28.080000000000002,3.564,89.34,1177.944,66.408,46.164,9.102577701951798,0.806715166415769
150,S4,test_based_TTI_test_contacts,0.0,1.208214016993776,4.035649546827795,106.60799999999999,14.171999999999999,173.424,970.488,80.14800000000001,36.78,16.08053955249463,3.292330070009007
151,S4,test_based_TTI_test_contacts,0.0,1.1692589260665047,4.151032448377581,137.88,19.956,197.79600000000002,1019.712,84.432,35.952,20.13616253496202,4.561110908845294
152,S4,test_based_TTI_test_contacts,0.25,0.9604833067991227,3.8022498519834222,93.276,10.764,162.804,964.2,77.064,40.116,14.855926718079102,2.624997619716297
153,S4,test_based_TTI_test_contacts,0.25,0.9689166066941687,3.9892537313432834,104.568,12.888,171.744,1009.776,80.184,40.308,17.20150154924035,3.1992746562068852
154,S4,test_based_TTI_test_contacts,0.5,0.7989354105628492,3.5683156654888104,74.736,9.395999999999999,147.51600000000002,954.0,72.708,40.092,14.013185544674256,2.323706529697145
155,S4,test_based_TTI_test_contacts,0.5,0.8563646491169434,3.6772265391512255,72.552,9.084,146.364,962.136,73.824,40.955999999999996,13.113035609678782,2.5625876946494657
156,S4,test_based_TTI_test_contacts,0.75,0.5971244084362124,3.3687648456057007,56.076,4.476,133.23600000000002,968.88,68.07600000000001,42.888,11.230539139258791,1.8907708150622395
157,S4,test_based_TTI_test_contacts,0.75,0.5941638186229229,3.283158544108575,52.152,7.0440000000000005,131.256,955.1279999999999,63.864000000000004,38.76,11.812035473239272,1.7342899269076388
158,S4,test_based_TTI_test_contacts,1.0,0.46287163716359203,2.927604473219541,25.092000000000002,2.8560000000000003,109.224,912.9599999999999,59.688,40.440000000000005,9.053801881074607,0.7571711804340863
159,S4,test_based_TTI_test_contacts,1.0,0.4950424702737468,3.0706095353047678,27.42,3.336,110.52000000000001,934.368,61.056000000000004,41.1,9.241319979231076,0.8712555418457493
160,S5,no_TTI,0.0,0.9224321944843346,4.210268948655257,0.0,0.0,0.0,812.16,82.65599999999999,50.448,14.098811157883546,3.3306690738754695e-17
161,S5,no_TTI,0.0,0.8664753361334459,4.3528700906344415,0.0,0.0,0.0,811.968,86.44800000000001,55.344,13.895799824389764,-9.325873406851316e-18
162,S5,no_TTI,0.25,0.7140357242655423,4.0810171496156125,0.0,0.0,0.0,818.328,82.81200000000001,56.352000000000004,11.970787083203618,2.6645352591003756e-17
163,S5,no_TTI,0.25,0.6957092805328292,3.927380952380952,0.0,0.0,0.0,832.704,79.176,53.472,11.678500904458165,2.9309887850104134e-17
164,S5,no_TTI,0.5,0.5858227055963506,3.8231414868105515,0.0,0.0,0.0,859.584,76.524,52.044,12.754172724783446,-2.6645352591003756e-17
165,S5,no_TTI,0.5,0.6586164488122801,3.7278363298202106,0.0,0.0,0.0,850.32,72.15599999999999,48.720000000000006,10.68782001678951,1.865174681370263e-17
166,S5,no_TTI,0.75,0.47346563551621784,3.4887087434858137,0.0,0.0,0.0,905.1120000000001,72.30000000000001,52.763999999999996,9.723898169561904,-1.3322676295501878e-17
167,S5,no_TTI,0.75,0.48765429524158016,3.41871625674865,0.0,0.0,0.0,882.888,68.38799999999999,48.455999999999996,10.176963477987432,-1.199040866595169e-17
168,S5,no_TTI,1.0,0.39483190974440724,3.107878787878788,0.0,0.0,0.0,885.624,61.536,45.792,7.926328187060734,3.064215547965432e-17
169,S5,no_TTI,1.0,0.39426718402176203,3.2396844660194173,0.0,0.0,0.0,871.056,64.06800000000001,48.42,7.850972168785633,-1.5987211554602253e-17
170,S5,symptom_based_TTI,0.0,0.8010991508019079,4.057212416311625,626.052,97.008,89.892,2465.616,79.99199999999999,48.384,13.484757709075453,2.328771433714132
171,S5,symptom_based_TTI,0.0,0.7543362810540697,3.87990343995172,624.8879999999999,97.67999999999999,89.364,2431.7279999999996,77.148,47.44799999999999,12.20534158750932,2.4954358000115553
172,S5,symptom_based_TTI,0.25,0.689607430507414,3.9292565947242206,461.616,62.556,89.208,2068.128,78.648,52.068,10.844313044014555,1.9325046269490522
173,S5,symptom_based_TTI,0.25,0.6618097791648615,3.794591484464902,482.604,68.58,89.22,2160.96,79.14,50.016,13.087109237155309,2.234186008582344
174,S5,symptom_based_TTI,0.5,0.5584788335130759,3.676206509539843,366.048,54.348000000000006,89.028,1833.6,78.612,52.968,11.942989271127292,1.7584993530290975
175,S5,symptom_based_TTI,0.5,0.5489776837766337,3.5292779988629905,326.44800000000004,46.788000000000004,89.12400000000001,1726.248,74.49600000000001,50.484,11.136609689004061,1.2875693618387565
176,S5,symptom_based_TTI,0.75,0.4527701239217439,3.5053444180522564,236.45999999999998,33.084,89.568,1512.024,70.83600000000001,50.604,9.797215258281142,1.2852060775082554
177,S5,symptom_based_TTI,0.75,0.5458610108745725,3.5982142857142856,224.724,35.388,89.64,1584.24,72.54,50.424,9.667875775228255,1.4435662455403675
178,S5,symptom_based_TTI,1.0,0.3628532009289676,3.3839177750906893,104.136,14.028,89.76,1162.176,67.164,51.251999999999995,8.193596943300912,0.516492724660936
179,S5,symptom_based_TTI,1.0,0.36090501097996097,3.252720677146312,104.604,12.348,90.468,1156.656,64.56,48.984,7.996476101276223,0.41628124079351025
180,S5,test_based_TTI,0.0,0.7742923564218478,3.925925925925926,58.068,8.796000000000001,89.244,1456.7759999999998,75.048,45.948,12.352680050776879,1.9459472638630928
181,S5,test_based_TTI,0.0,0.8301869815572294,4.131515151515152,63.94800000000001,9.072,89.46000000000001,1529.184,81.804,50.136,13.079965526106239,2.150332239060631
182,S5,test_based_TTI,0.25,0.5960831020347217,4.0125598086124405,50.676,7.788,90.108,1427.808,80.50800000000001,54.6,12.479976212971673,1.4682124278036828
183,S5,test_based_TTI,0.25,0.6979244483392785,3.9453453453453453,61.007999999999996,8.171999999999999,89.03999999999999,1513.752,78.828,50.699999999999996,12.26031248125616,1.9231570409250667
184,S5,test_based_TTI,0.5,0.5740636904708167,3.625592417061611,39.588,5.712000000000001,89.46000000000001,1298.832,73.44,48.516,11.879754163486593,1.4160117223365465
185,S5,test_based_TTI,0.5,0.6002983342836847,3.6789378394689196,43.211999999999996,4.572,89.736,1314.9119999999998,73.152,49.296,10.815837967627159,1.1038299534760634
186,S5,test_based_TTI,0.75,0.45930488552441634,3.378593272171254,20.316000000000003,2.748,89.76,1078.1280000000002,66.288,47.532000000000004,9.18720917459879,0.5572289714121619
187,S5,test_based_TTI,0.75,0.4703746215047221,3.320848938826467,22.296,3.504,89.244,1094.16,63.84,44.868,9.360743747347303,0.5687745288459167
188,S5,test_based_TTI,1.0,0.38290791012599446,3.0605515587529974,10.452,1.14,89.42399999999999,1003.92,61.25999999999999,45.516000000000005,7.772083157754559,0.307632113163538
189,S5,test_based_TTI,1.0,0.3701268243296082,3.3243887895050688,11.1,1.38,90.912,1035.48,66.9,50.028,9.10707753966517,0.3164902475257895
190,S5,test_based_TTI_test_contacts,0.0,0.7038404979063934,3.9087185488589817,62.952,11.148,139.99200000000002,893.184,80.16000000000001,50.976,12.7515889298522,1.9980501390834873
191,S5,test_based_TTI_test_contacts,0.0,0.7809528109951088,4.01595744680851,66.168,10.331999999999999,142.5,894.504,81.53999999999999,50.651999999999994,13.057926792565567,1.9736073329897472
192,S5,test_based_TTI_test_contacts,0.25,0.6267627170230233,3.8531889290012034,56.376,11.136,135.504,929.4,76.848,49.752,12.882683479285514,1.7131608924073218
193,S5,test_based_TTI_test_contacts,0.25,0.7311359663582718,3.955223880597015,50.556,7.644000000000001,129.228,922.6320000000001,79.5,51.228,12.084803942781328,1.4913631334174113
194,S5,test_based_TTI_test_contacts,0.5,0.5246381743902193,3.5341176470588236,36.192,4.524,117.87599999999999,913.5360000000001,72.096,48.972,11.346234002162447,1.0751472402770819
195,S5,test_based_TTI_test_contacts,0.5,0.5222447859006363,3.5530921820303383,34.452000000000005,5.904,117.816,926.472,73.08,51.431999999999995,9.937017981476005,0.9694512621197153
196,S5,test_based_TTI_test_contacts,0.75,0.47068602826777056,3.2954009433962264,21.119999999999997,4.008,106.476,885.408,67.068,48.012,8.797414371006873,0.6791835816874657
197,S5,test_based_TTI_test_contacts,0.75,0.413954330847073,3.330518697225573,27.564,4.092,110.328,919.9680000000001,66.26400000000001,47.988,9.14737563096549,0.8925890025011436
198,S5,test_based_TTI_test_contacts,1.0,0.37757167336764147,2.9869281045751634,11.196,1.3559999999999999,97.65599999999999,884.5200000000001,60.324000000000005,44.856,7.540026061394761,0.3025364232723529
199,S5,test_based_TTI_test_contacts,1.0,0.38618708648463895,3.2062350119904077,11.075999999999999,1.476,97.74,868.776,64.176,49.248,7.006654764419793,0.19142451250367484
