,strategy,gov_policy,compliance,effective_r,base_r,manual_traces,app_traces,test_needed,persondays_quarantined,secondary_infections,secondary_infections_social,secondary_infections_isolating,secondary_infections_contact
0,S1,no_TTI,0.5,2.463185086599684,3.214330218068536,0.0,0.0,0.0,405.71999999999997,61.908,0.0,14.467055232090077,-1.3322676295501879e-18
1,S1,no_TTI,0.5,2.3123356452129653,3.082843713278496,0.0,0.0,0.0,421.584,62.964000000000006,0.0,15.736856782170394,-2.6645352591003758e-18
2,S1,no_TTI,0.6,2.1242415051981567,3.045843520782396,0.0,0.0,0.0,550.8240000000001,59.796,0.0,18.092890769949758,6.661338147750939e-18
3,S1,no_TTI,0.6,2.254828842113618,3.178800232964473,0.0,0.0,0.0,539.904,65.496,0.0,19.037506537091005,3.3306690738754695e-17
4,S1,no_TTI,0.7,1.9744779405273167,3.13171884229179,0.0,0.0,0.0,700.416,63.624,0.0,23.510506160247026,2.1316282072803006e-17
5,S1,no_TTI,0.7,2.03755371181214,3.1590504451038575,0.0,0.0,0.0,703.4639999999999,63.876,0.0,22.676663947158495,3.3306690738754695e-17
6,S1,no_TTI,0.8,1.8786553961157821,3.1561938958707363,0.0,0.0,0.0,870.168,63.288,0.0,25.61720199708632,3.8635761256955445e-17
7,S1,no_TTI,0.8,1.9468464664310414,3.316320474777448,0.0,0.0,0.0,881.328,67.056,0.0,27.690764448764316,2.6645352591003758e-18
8,S1,no_TTI,0.9,1.8703752942258585,3.1612709832134294,0.0,0.0,0.0,1047.48,63.275999999999996,0.0,25.838568110775206,1.3322676295501879e-18
9,S1,no_TTI,0.9,1.6973878871039636,3.262654668166479,0.0,0.0,0.0,1123.44,69.612,0.0,33.396532040749825,-1.7319479184152442e-17
10,S1,symptom_based_TTI,0.5,2.39932779993724,3.2950121654501214,1027.008,158.964,55.308,2090.64,65.00399999999999,0.0,14.692178827508389,2.9778823353297215
11,S1,symptom_based_TTI,0.5,2.3825885004824294,3.240828402366864,993.936,154.344,56.088,2082.6,65.72399999999999,0.0,14.913821676036322,2.49128353417999
12,S1,symptom_based_TTI,0.6,2.0796202858169472,3.233073696824446,1168.068,183.048,67.104,2930.832,64.752,0.0,19.294514684995516,3.8068502306626333
13,S1,symptom_based_TTI,0.6,1.9865395869662539,3.175541252194266,1188.3359999999998,172.656,67.212,3020.112,65.124,0.0,20.07513671671109,4.308909433784945
14,S1,symptom_based_TTI,0.7,1.760227516932228,3.2262044653349,1372.452,206.05200000000002,77.904,3996.96,65.89200000000001,0.0,24.101521589123553,5.839591605052614
15,S1,symptom_based_TTI,0.7,1.6799749534170878,3.0990621336459556,1343.052,204.38400000000001,78.44399999999999,3830.688,63.443999999999996,0.0,23.706664359814585,5.344888393830776
16,S1,symptom_based_TTI,0.8,1.5714840661870146,3.2962740384615383,1586.688,248.124,90.072,5309.52,65.82,0.0,27.37007013385114,7.070536032526557
17,S1,symptom_based_TTI,0.8,1.5235121117845303,3.0684769775678866,1555.944,240.276,89.4,5036.592000000001,62.376000000000005,0.0,24.690666682895607,6.715379108748461
18,S1,symptom_based_TTI,0.9,1.2739839754994986,3.113939393939394,1782.72,258.42,100.704,6498.672,61.656000000000006,0.0,27.981419979133005,8.449697305976924
19,S1,symptom_based_TTI,0.9,1.2856310428803377,3.2468694096601074,1785.396,268.416,100.93199999999999,6624.024,65.34,0.0,30.467872710074634,9.000088183001445
20,S1,test_based_TTI,0.5,2.2444291911745156,3.1119266055045873,92.69999999999999,12.36,56.616,1065.216,61.056000000000004,0.0,15.27701524191436,1.7432840272415908
21,S1,test_based_TTI,0.5,2.209179595315511,2.9923167848699763,93.42,17.952,55.164,1085.6879999999999,60.756,0.0,14.110006841876178,1.790810654837651
22,S1,test_based_TTI,0.6,2.157278004844341,3.1818181818181817,119.79599999999999,20.244,66.684,1572.744,65.52000000000001,0.0,18.176089339781804,2.921241984463482
23,S1,test_based_TTI,0.6,2.05695493540949,3.0928792569659445,119.12400000000001,17.376,67.32000000000001,1569.1200000000001,59.94,0.0,17.30170539486881,2.774507956895252
24,S1,test_based_TTI,0.7,1.897453821140048,3.0430711610486894,123.864,18.12,78.204,1917.2160000000001,58.5,0.0,18.4532687743451,3.570078968058576
25,S1,test_based_TTI,0.7,1.8301341115517857,3.2309048178613398,147.132,22.055999999999997,78.07199999999999,2224.704,65.988,0.0,24.89737463068231,3.7119662749839692
26,S1,test_based_TTI,0.8,1.5630740241138885,3.2596618357487923,177.252,25.991999999999997,90.408,2928.72,64.776,0.0,28.03477731016165,5.679815682647141
27,S1,test_based_TTI,0.8,1.7358450572510276,3.279166666666667,172.776,27.372,89.43599999999999,2868.8160000000003,66.10799999999999,0.0,25.669983059489848,5.443380586329397
28,S1,test_based_TTI,0.9,1.481900631992177,3.2364907819453275,183.768,27.42,100.776,3393.6000000000004,61.092,0.0,26.461069669960924,6.658574000554756
29,S1,test_based_TTI,0.9,1.3803257595229128,3.3015197568389056,192.24,28.74,100.98,3580.224,65.172,0.0,31.175281299132738,6.749088207885033
30,S1,test_based_TTI_test_contacts,0.5,2.3430260535142553,3.2479041916167666,110.01599999999999,18.24,110.232,550.6800000000001,65.088,0.0,16.254984363534483,1.8787735240397665
31,S1,test_based_TTI_test_contacts,0.5,2.369467731914115,3.248048048048048,107.592,18.072000000000003,110.196,528.984,64.89599999999999,0.0,15.348827481518407,2.205207234837505
32,S1,test_based_TTI_test_contacts,0.6,2.105117599626753,3.2131642512077296,120.0,18.996,140.70000000000002,688.584,63.852000000000004,0.0,18.81164462228889,3.2074584379282123
33,S1,test_based_TTI_test_contacts,0.6,2.1281524964117047,3.077019411396368,108.96000000000001,16.296,132.396,661.128,58.968,0.0,15.785712243526644,2.398373315239417
34,S1,test_based_TTI_test_contacts,0.7,1.967995005255808,3.2568140520896427,147.46800000000002,20.34,182.184,952.824,64.524,0.0,21.77493976737453,3.759143188497328
35,S1,test_based_TTI_test_contacts,0.7,1.8005631316824133,3.0984393757503,157.09199999999998,21.672,187.764,943.6560000000001,61.944,0.0,22.07307743127597,3.8740644401291724
36,S1,test_based_TTI_test_contacts,0.8,1.6223855667028624,3.2953864589574597,211.32,29.496,257.448,1218.0,66.0,0.0,27.21540010302814,6.291461767046893
37,S1,test_based_TTI_test_contacts,0.8,1.6593731383640424,3.1472581638940236,168.732,24.612000000000002,223.608,1150.272,61.29600000000001,0.0,23.486995204863295,5.491053552358569
38,S1,test_based_TTI_test_contacts,0.9,1.3608712593722776,3.1208092485549135,185.556,26.951999999999998,266.112,1431.48,64.78800000000001,0.0,29.94190076863503,6.594411886796494
39,S1,test_based_TTI_test_contacts,0.9,1.317219370280998,3.0529841656516443,194.232,32.364,275.772,1419.624,60.156,0.0,27.250339294056367,6.951170233926842
40,S2,no_TTI,0.5,2.4837031027542116,3.313549160671463,0.0,0.0,0.0,397.08000000000004,66.324,1.26,15.350198695271697,-6.661338147750939e-18
41,S2,no_TTI,0.5,2.240462283983356,3.215902140672783,0.0,0.0,0.0,427.416,63.096000000000004,0.84,18.298129988246558,-3.996802888650563e-18
42,S2,no_TTI,0.6,2.138011269128541,3.0848056537102475,0.0,0.0,0.0,541.224,62.85600000000001,0.888,18.403882380236837,1.199040866595169e-17
43,S2,no_TTI,0.6,2.1504213027646903,3.132275132275132,0.0,0.0,0.0,538.152,63.93600000000001,0.444,19.597600367967125,-2.6645352591003758e-18
44,S2,no_TTI,0.7,2.004061823319664,3.1387900355871885,0.0,0.0,0.0,701.976,63.504,0.48,22.477821190596533,2.7977620220553945e-17
45,S2,no_TTI,0.7,2.0168303305805364,3.0831826401446656,0.0,0.0,0.0,698.448,61.379999999999995,0.372,20.85694177880266,-1.7319479184152442e-17
46,S2,no_TTI,0.8,1.9179001308783497,3.300117924528302,0.0,0.0,0.0,881.472,67.164,1.4280000000000002,26.702896536363816,-2.9309887850104134e-17
47,S2,no_TTI,0.8,1.7836195615246098,3.089114832535885,0.0,0.0,0.0,870.312,61.98,0.576,25.6174571175702,-1.3322676295501878e-17
48,S2,no_TTI,0.9,1.5668500570137054,3.1543504171632897,0.0,0.0,0.0,1077.912,63.516,1.14,30.825907251972026,1.199040866595169e-17
49,S2,no_TTI,0.9,1.671291466253824,3.096048632218845,0.0,0.0,0.0,1034.8319999999999,61.116,0.876,27.248706456149506,-3.996802888650563e-18
50,S2,symptom_based_TTI,0.5,2.3074695797356237,3.174791914387634,1038.06,148.07999999999998,56.772000000000006,2163.672,64.08,0.8520000000000001,13.967609200227272,2.6864248023888773
51,S2,symptom_based_TTI,0.5,2.186775438409532,3.148497348261638,1048.332,147.66,56.232,2175.7200000000003,64.116,0.8999999999999999,15.43425246148563,3.2502525107426323
52,S2,symptom_based_TTI,0.6,2.02023431394729,3.200841852074564,1191.0240000000001,163.404,66.9,2980.08,63.876,0.708,18.56590308815457,4.28630094271329
53,S2,symptom_based_TTI,0.6,2.0032793015478516,3.2130434782608694,1224.3719999999998,178.416,67.44000000000001,3017.208,62.076,0.384,18.704199372920012,4.284444521175475
54,S2,symptom_based_TTI,0.7,1.743039245438042,3.0624256837098693,1383.9840000000002,197.78400000000002,77.916,3920.9759999999997,61.812,0.7799999999999999,20.78377134483174,5.066724525246814
55,S2,symptom_based_TTI,0.7,1.8239503015406522,3.3233532934131738,1453.872,213.108,78.72,4186.4400000000005,66.60000000000001,1.1880000000000002,23.02825487869335,5.831781078431976
56,S2,symptom_based_TTI,0.8,1.5668023773022859,3.153986609860012,1662.2759999999998,235.212,88.896,5059.992,62.184,0.6120000000000001,24.23245073377599,6.4484735953321275
57,S2,symptom_based_TTI,0.8,1.570697179463173,3.251366120218579,1643.856,220.164,89.592,5307.144,64.25999999999999,0.324,24.722151531127103,8.17058941396273
58,S2,symptom_based_TTI,0.9,1.2632297150879146,3.1702508960573477,1805.8200000000002,265.176,100.116,6496.392,63.684,0.048,29.607877211213275,8.652364272100726
59,S2,symptom_based_TTI,0.9,1.2845931807079687,3.3090024330900243,1834.2,254.88000000000002,100.848,6722.88,65.28,0.504,30.04937239014837,9.384173340844837
60,S2,test_based_TTI,0.5,2.3360087177284865,3.2534043812907045,106.584,12.288,56.604,1167.456,65.94,0.396,15.982886347515798,2.2148889615631715
61,S2,test_based_TTI,0.5,2.354608935988893,3.2388059701492535,104.976,13.608,55.02,1137.144,65.1,0.49200000000000005,15.380471850113732,1.8998885365094855
62,S2,test_based_TTI,0.6,2.101009680786999,3.1642055522740695,139.896,18.384,66.672,1755.2640000000001,64.28399999999999,0.204,18.18787611736526,3.2080112077660194
63,S2,test_based_TTI,0.6,2.023827473421862,3.1667684789248627,122.328,13.164000000000001,67.176,1581.888,62.208,0.792,18.838518949141566,2.821414162959354
64,S2,test_based_TTI,0.7,1.936407116988136,3.3582179409993977,160.30800000000002,25.415999999999997,78.69600000000001,2284.752,66.93599999999999,0.8999999999999999,22.871829281345963,4.567704062846469
65,S2,test_based_TTI,0.7,1.8660351500152268,3.287752675386445,144.516,18.48,78.048,2142.48,66.36,0.552,24.648881256073892,3.4950652760186953
66,S2,test_based_TTI,0.8,1.5401324735460662,3.03955500618047,155.052,20.424,90.084,2647.824,59.016000000000005,1.02,23.024682898016266,5.068104995613299
67,S2,test_based_TTI,0.8,1.6556998573317867,3.204572803850782,170.196,21.312,88.36800000000001,2772.624,63.91199999999999,0.8999999999999999,24.565327869430426,5.425394175944408
68,S2,test_based_TTI,0.9,1.4344117076704639,3.3732833957553057,215.61599999999999,32.952,100.968,3812.352,64.848,0.408,29.374288821820944,7.490580509922081
69,S2,test_based_TTI,0.9,1.2523769017152606,3.1706276660572823,220.38,30.96,101.352,3892.0559999999996,62.436,0.324,29.641974573459926,7.808219477963203
70,S2,test_based_TTI_test_contacts,0.5,2.31600082222089,3.2289521502119927,96.684,13.836,103.896,500.592,63.972,0.576,15.628414069903723,1.8829776402559733
71,S2,test_based_TTI_test_contacts,0.5,2.0853150269545795,2.943045563549161,101.628,16.812,105.444,505.36800000000005,58.908,0.696,14.643163845788314,1.8291705746887728
72,S2,test_based_TTI_test_contacts,0.6,2.115950266178485,3.2262334536702766,133.728,19.836,144.432,705.7439999999999,64.344,0.576,18.67346888933772,2.8940190019985375
73,S2,test_based_TTI_test_contacts,0.6,2.0865689502876235,3.0818610129564195,120.22800000000001,18.791999999999998,136.632,693.0,62.796,0.444,17.04241875504741,2.793652313891931
74,S2,test_based_TTI_test_contacts,0.7,1.8764922931748067,3.1416909620991254,149.496,22.572,180.012,910.9680000000001,64.65599999999999,0.684,21.274708938772783,4.079079667689627
75,S2,test_based_TTI_test_contacts,0.7,1.7788886237666688,3.0754716981132075,151.212,21.36,183.456,930.0,60.635999999999996,0.5640000000000001,20.57609443278361,4.423337461032706
76,S2,test_based_TTI_test_contacts,0.8,1.5289903248023853,3.0433234421364985,160.872,24.023999999999997,215.61599999999999,1131.696,61.536,0.432,25.145656476322547,5.042159156173213
77,S2,test_based_TTI_test_contacts,0.8,1.566276094920198,3.2474837181764356,189.828,27.168,239.112,1170.456,65.82,0.156,27.815802973362707,6.102913134794674
78,S2,test_based_TTI_test_contacts,0.9,1.3230150061193424,3.309834123222749,205.73999999999998,34.392,284.544,1485.048,67.044,0.696,31.990892957926697,7.558115078119902
79,S2,test_based_TTI_test_contacts,0.9,1.2120749802551745,3.2607913669064748,216.912,28.152,291.87600000000003,1477.488,65.268,0.5399999999999999,32.55463269923961,7.912474495972862
80,S3,no_TTI,0.5,1.4631855261347095,2.980964467005076,0.0,0.0,0.0,394.776,56.376,19.308,9.39623532974037,-1.7319479184152442e-17
81,S3,no_TTI,0.5,1.5371216796723042,2.970446320868516,0.0,0.0,0.0,393.456,59.1,19.32,9.197427061239832,1.3322676295501878e-17
82,S3,no_TTI,0.6,1.4393632169259671,3.1228915662650603,0.0,0.0,0.0,548.64,62.208,19.62,13.915884718834727,7.993605777301126e-18
83,S3,no_TTI,0.6,1.453550895417001,3.268595041322314,0.0,0.0,0.0,555.4319999999999,66.444,23.567999999999998,13.32821739796319,-5.3290705182007515e-18
84,S3,no_TTI,0.7,1.2225750576259977,3.1426003594967047,0.0,0.0,0.0,712.4639999999999,62.94,22.92,15.53426674586652,1.9984014443252817e-17
85,S3,no_TTI,0.7,1.4428234104266522,3.342925659472422,0.0,0.0,0.0,695.448,66.91199999999999,21.156000000000002,16.876446616900125,2.6645352591003758e-18
86,S3,no_TTI,0.8,1.1939526695555738,3.0826699326393143,0.0,0.0,0.0,873.7199999999999,60.407999999999994,20.448,16.563303487388975,-9.325873406851316e-18
87,S3,no_TTI,0.8,1.2218597696171356,3.0966435185185186,0.0,0.0,0.0,848.064,64.212,21.804,17.07151581721907,2.2648549702353192e-17
88,S3,no_TTI,0.9,1.0816277084561878,3.2134831460674156,0.0,0.0,0.0,1088.472,65.208,23.22,20.039610540007036,1.9984014443252817e-17
89,S3,no_TTI,0.9,1.1057419981667194,3.3139810426540284,0.0,0.0,0.0,1084.752,67.128,22.68,22.050090085134933,-2.9309887850104134e-17
90,S3,symptom_based_TTI,0.5,1.3959555517562356,3.2303571428571427,606.456,81.564,55.524,1391.328,65.124,24.552,10.66878165426671,1.7607544223275817
91,S3,symptom_based_TTI,0.5,1.4451986237733419,3.140330188679245,600.06,91.03200000000001,56.256,1450.536,63.91199999999999,22.451999999999998,10.166479292618446,1.8808383163464995
92,S3,symptom_based_TTI,0.6,1.3364208400405004,3.0787878787878786,754.452,105.87599999999999,68.292,2102.616,60.96,19.548,12.421514221105308,2.5293531460927894
93,S3,symptom_based_TTI,0.6,1.5228214633157842,3.3266391021854695,736.752,92.82,66.708,1984.6800000000003,67.584,22.32,12.059404192484115,2.2669549587924047
94,S3,symptom_based_TTI,0.7,1.1610139075305814,3.1625502584721423,918.456,130.824,78.504,2985.864,66.072,20.796,17.000826826772972,4.019270617098133
95,S3,symptom_based_TTI,0.7,1.1674136704202185,3.124418604651163,863.64,112.65599999999999,78.708,2749.56,64.488,21.792,14.91398925889268,3.686592583634019
96,S3,symptom_based_TTI,0.8,0.89341600771414,3.0752753977968177,988.1999999999999,130.236,90.708,3460.728,60.3,19.308,19.434514512164146,4.039384408577005
97,S3,symptom_based_TTI,0.8,1.0908501159683777,3.3057901085645356,972.432,136.26,89.508,3380.232,65.772,20.939999999999998,19.105443352549713,4.023002740143454
98,S3,symptom_based_TTI,0.9,0.7803602893371726,3.2842166569598135,1141.6080000000002,152.016,100.692,4564.032,67.66799999999999,23.736,22.12777124804675,5.725685350450156
99,S3,symptom_based_TTI,0.9,0.8246783285730002,3.141904184354154,1104.42,155.43599999999998,100.92,4288.008000000001,62.172,21.72,19.078258816948605,5.055006417248887
100,S3,test_based_TTI,0.5,1.5103303428953456,3.035820895522388,64.776,7.74,55.848,880.248,61.019999999999996,18.732,10.869329045221146,1.0610310625823922
101,S3,test_based_TTI,0.5,1.6051915907769967,3.2504451038575666,70.34400000000001,11.04,56.088,902.0400000000001,65.72399999999999,21.323999999999998,10.68085736145594,1.2621686730331516
102,S3,test_based_TTI,0.6,1.4190156042713848,3.1814814814814816,70.74000000000001,8.832,67.488,1136.7359999999999,61.848,21.875999999999998,10.856693585980098,1.5296430669841827
103,S3,test_based_TTI,0.6,1.338230438340637,3.1765060240963856,71.868,12.636000000000001,67.164,1181.9279999999999,63.275999999999996,21.132,13.816619032563999,1.6698306356905093
104,S3,test_based_TTI,0.7,1.1251031689132494,3.257125890736342,93.89999999999999,10.272,78.984,1634.328,65.82,25.296,15.38114974061452,2.4067654219865635
105,S3,test_based_TTI,0.7,1.160064679765704,3.176506765067651,92.544,17.003999999999998,78.864,1640.232,61.98,19.560000000000002,16.844056347786477,2.9407616206251355
106,S3,test_based_TTI,0.8,1.0141151270738498,3.2649164677804294,106.644,15.72,89.4,2124.6240000000003,65.664,22.764,18.915914031371862,3.5882025329188916
107,S3,test_based_TTI,0.8,1.0026132324044204,3.2667855020796197,112.28399999999999,14.724,89.712,2170.464,65.976,23.892,18.297950922491218,3.537272235869122
108,S3,test_based_TTI,0.9,0.8508034577086747,3.0184414039262344,116.952,15.036,100.284,2530.1279999999997,60.888,20.676000000000002,19.169161987551306,3.8804306635493204
109,S3,test_based_TTI,0.9,0.8451969041646257,3.013633669235329,130.56,14.556000000000001,100.896,2723.616,61.007999999999996,18.384,21.14346220732722,4.370371664764116
110,S3,test_based_TTI_test_contacts,0.5,1.5010039223947231,3.163241338813858,67.8,11.796,89.448,483.024,64.64399999999999,22.176,10.390443635249126,1.4030402066923209
111,S3,test_based_TTI_test_contacts,0.5,1.5094503973764268,3.1540697674418605,68.208,11.388,90.372,486.33600000000007,65.1,22.572,9.929312857801328,1.4436309403492085
112,S3,test_based_TTI_test_contacts,0.6,1.202565199356569,2.9463126843657816,80.412,11.196,115.56,652.8960000000001,59.928000000000004,20.028,13.36800185078074,2.0718219943066654
113,S3,test_based_TTI_test_contacts,0.6,1.3621171747955778,3.061392405063291,81.372,8.712,115.908,626.088,58.044000000000004,18.816,11.50949895114065,1.8927594147351898
114,S3,test_based_TTI_test_contacts,0.7,1.1500268568800438,3.2087719298245614,110.676,15.600000000000001,154.812,875.4,65.844,22.236,17.096725219739547,2.9127236770819764
115,S3,test_based_TTI_test_contacts,0.7,1.177333806013186,3.1756440281030445,87.048,13.764,138.48,830.3760000000001,65.088,22.956,15.721797398165894,2.2795689137878727
116,S3,test_based_TTI_test_contacts,0.8,1.0585402836403985,3.1958944281524926,106.188,13.032,172.404,1045.512,65.388,22.092000000000002,18.446046439484444,3.192219357233009
117,S3,test_based_TTI_test_contacts,0.8,1.004138566953526,3.2048054919908466,111.864,12.36,175.30800000000002,1101.072,67.224,22.368000000000002,20.502624617805132,3.2905648017777254
118,S3,test_based_TTI_test_contacts,0.9,0.8879589119940882,3.0933014354066986,116.364,19.2,203.376,1271.52,62.064,20.748,19.284878083242532,4.215114306508114
119,S3,test_based_TTI_test_contacts,0.9,0.8382207410033373,3.0432432432432432,106.488,12.816,194.61599999999999,1253.9759999999999,60.804,20.843999999999998,19.640930015376707,3.571419579376642
120,S4,no_TTI,0.5,0.6961030194231556,3.022616136919315,0.0,0.0,0.0,393.62399999999997,59.339999999999996,41.052,4.6221055226846115,1.199040866595169e-17
121,S4,no_TTI,0.5,0.7333656994869827,3.1547619047619047,0.0,0.0,0.0,411.576,63.6,44.04,4.775347498342433,-6.661338147750939e-18
122,S4,no_TTI,0.6,0.6326470959357869,3.1170336037079953,0.0,0.0,0.0,567.5519999999999,64.56,44.244,7.212613348977984,0.0
123,S4,no_TTI,0.6,0.6252573003823796,3.146135265700483,0.0,0.0,0.0,543.6,62.52,43.608,6.4868869268013505,7.993605777301126e-18
124,S4,no_TTI,0.7,0.5638245736376,3.2110091743119265,0.0,0.0,0.0,718.6560000000001,67.2,46.812,8.58827932291231,3.996802888650563e-18
125,S4,no_TTI,0.7,0.5939792065729915,3.1705705705705705,0.0,0.0,0.0,703.5360000000001,63.348000000000006,43.356,8.124295452671632,1.9984014443252817e-17
126,S4,no_TTI,0.8,0.5154290034038438,3.3520286396181382,0.0,0.0,0.0,900.768,67.416,47.244,9.805691883541893,2.2648549702353192e-17
127,S4,no_TTI,0.8,0.5134608306895662,3.1132425742574257,0.0,0.0,0.0,852.816,60.372,41.268,9.146967571267933,-3.996802888650563e-18
128,S4,no_TTI,0.9,0.41251426758638104,2.9976033553025765,0.0,0.0,0.0,1067.8799999999999,60.035999999999994,40.86,10.914164248779961,1.4654943925052067e-17
129,S4,no_TTI,0.9,0.41523696434930896,3.188360450563204,0.0,0.0,0.0,1040.472,61.13999999999999,42.204,10.973415971637646,0.0
130,S4,symptom_based_TTI,0.5,0.7046730831944406,3.2487864077669903,153.996,18.0,55.644,674.352,64.248,44.616,5.266654583228997,0.42973052351775115
131,S4,symptom_based_TTI,0.5,0.7176513710003518,3.2523696682464456,167.676,20.172,56.904,675.36,65.88000000000001,46.008,4.909699961432761,0.4255538675841244
132,S4,symptom_based_TTI,0.6,0.5841349829955199,3.2978075517661387,189.444,23.136,66.99600000000001,925.0799999999999,64.98,46.092,6.717081191578475,0.6611231034778073
133,S4,symptom_based_TTI,0.6,0.6554180827711823,3.151906916612799,194.208,25.224,68.628,905.1120000000001,58.512,39.827999999999996,6.064897858133496,0.45192085330227977
134,S4,symptom_based_TTI,0.7,0.5328933998501555,3.4418037781840343,233.904,29.052,79.236,1228.8,67.776,48.168,8.120790840847835,0.993472329302905
135,S4,symptom_based_TTI,0.7,0.53994218808754,3.3866498740554154,219.0,27.072,77.84400000000001,1200.816,64.53599999999999,45.396,8.045420054592899,0.8054416092109427
136,S4,symptom_based_TTI,0.8,0.4393506298110517,3.004810583283223,253.824,30.624,89.724,1541.1119999999999,59.964,40.692,9.471435068205695,1.0328837632849586
137,S4,symptom_based_TTI,0.8,0.44635721743571605,3.175014731879788,260.43600000000004,31.115999999999996,88.872,1524.456,64.65599999999999,45.192,9.206192111606098,1.1681895125329864
138,S4,symptom_based_TTI,0.9,0.39097584264869223,3.084253341080767,286.176,33.839999999999996,100.452,1940.52,63.696000000000005,42.984,11.10980775758063,1.5277591400385793
139,S4,symptom_based_TTI,0.9,0.3981197158683213,3.23874151758174,304.236,37.176,100.692,1914.528,63.0,43.296,10.514914168110195,1.4448611188192146
140,S4,test_based_TTI,0.5,0.7147135146627979,3.243436754176611,16.536,2.28,55.488,514.6080000000001,65.232,44.916000000000004,5.617959261233095,0.3237225318687266
141,S4,test_based_TTI,0.5,0.680880195745294,2.975680370584829,19.272,2.352,55.967999999999996,543.24,61.668000000000006,42.048,5.15100127820251,0.35843754517202325
142,S4,test_based_TTI,0.6,0.6407979771153343,3.0933087783916515,23.556,2.1599999999999997,68.184,730.4879999999999,60.468,41.208,6.291865425857832,0.4418157174916203
143,S4,test_based_TTI,0.6,0.668588382996242,3.104228707564026,23.34,2.8080000000000003,67.30799999999999,753.096,62.544,41.916,6.563529410082791,0.5937518493089307
144,S4,test_based_TTI,0.7,0.5352992951621948,3.2201334141904185,23.976,2.94,77.736,935.904,63.720000000000006,44.964,7.528619607051598,0.6348779402789012
145,S4,test_based_TTI,0.7,0.5431864533355167,3.0414833438089253,21.804,2.556,77.94,888.84,58.068,39.612,7.566995290349617,0.5184889425687035
146,S4,test_based_TTI,0.8,0.4604931051751875,3.2841530054644807,26.904,3.132,88.98,1178.592,64.908,45.936,8.946272422121275,0.924541847196325
147,S4,test_based_TTI,0.8,0.450207579543302,3.0498783454987834,24.216,3.42,89.76,1123.896,60.16799999999999,41.304,9.341930304576831,0.6403745661929156
148,S4,test_based_TTI,0.9,0.3695544137176381,3.2631890930646117,28.86,3.7439999999999998,100.812,1422.048,66.06,46.644,10.982429533917749,0.9523109147823859
149,S4,test_based_TTI,0.9,0.39716759176703287,3.1858297078931015,30.815999999999995,4.068,101.16,1442.256,61.51199999999999,42.564,10.12374313549444,1.1557450026676894
150,S4,test_based_TTI_test_contacts,0.5,0.7010166206289453,3.209053007742704,15.911999999999999,1.8359999999999999,63.93600000000001,422.11199999999997,64.65599999999999,45.156000000000006,5.1447222983125105,0.2311948292555049
151,S4,test_based_TTI_test_contacts,0.5,0.7057133603398326,3.0986997635933804,16.380000000000003,1.6440000000000001,63.396,424.32,62.916,43.692,4.668108529896794,0.22708740176325692
152,S4,test_based_TTI_test_contacts,0.6,0.6177151339682659,3.07837528604119,19.164,2.208,78.708,579.816,64.572,44.676,6.62344549472089,0.3153618551607739
153,S4,test_based_TTI_test_contacts,0.6,0.5943184406499931,3.0663478780633593,17.832,2.172,76.584,563.184,61.56,43.296,5.9799936616685425,0.35246932384220475
154,S4,test_based_TTI_test_contacts,0.7,0.5441212637479428,3.2965599051008305,25.259999999999998,2.82,95.772,739.9200000000001,66.696,46.800000000000004,8.259658472813578,0.6276801190380497
155,S4,test_based_TTI_test_contacts,0.7,0.5533961709183406,3.1398809523809526,25.908,3.168,96.10799999999999,726.096,63.3,44.052,7.53138472665798,0.5601484676282773
156,S4,test_based_TTI_test_contacts,0.8,0.46973972655661933,3.325075528700906,28.728,3.66,111.42,921.264,66.036,46.668000000000006,9.13019443948508,0.908774591100462
157,S4,test_based_TTI_test_contacts,0.8,0.48576733122711885,3.1660714285714286,30.240000000000002,3.1919999999999997,112.28399999999999,915.8879999999999,63.828,44.256,8.98515791842805,0.7937726840332386
158,S4,test_based_TTI_test_contacts,0.9,0.37830117295450616,3.2985865724381624,34.536,4.212,130.392,1146.24,67.212,46.44,11.881801764499254,1.1819335353797276
159,S4,test_based_TTI_test_contacts,0.9,0.3708166211861374,3.1065959952885747,29.831999999999997,4.2,126.084,1072.296,63.3,44.136,10.630619038091297,0.9776214886199588
160,S5,no_TTI,0.5,0.5422117921351859,3.2685129440096325,0.0,0.0,0.0,395.352,65.14800000000001,50.436,3.9046345591614777,2.6645352591003758e-18
161,S5,no_TTI,0.5,0.5446669780287291,3.2513966480446927,0.0,0.0,0.0,403.92,62.85600000000001,48.576,3.7504979807486123,-1.199040866595169e-17
162,S5,no_TTI,0.6,0.5069057136711373,3.08955223880597,0.0,0.0,0.0,547.488,62.099999999999994,46.955999999999996,4.955195155210141,-1.0658141036401503e-17
163,S5,no_TTI,0.6,0.48960188806412047,3.395657418576598,0.0,0.0,0.0,548.424,67.55999999999999,52.56,5.258880835076265,2.1316282072803006e-17
164,S5,no_TTI,0.7,0.44678330547670925,2.989734299516908,0.0,0.0,0.0,696.6959999999999,59.412,43.92,6.6135221535668345,-1.3322676295501879e-18
165,S5,no_TTI,0.7,0.4749787018030275,3.2333954065797643,0.0,0.0,0.0,692.76,62.508,47.135999999999996,6.189711736743876,3.996802888650563e-18
166,S5,no_TTI,0.8,0.38623590462292773,3.023049645390071,0.0,0.0,0.0,848.856,61.379999999999995,46.08,7.457866192536078,1.4654943925052067e-17
167,S5,no_TTI,0.8,0.37368951219232727,3.269803454437165,0.0,0.0,0.0,871.3439999999999,65.88000000000001,50.856,7.49490370834899,1.0658141036401503e-17
168,S5,no_TTI,0.9,0.3397411035429787,3.3445907269605035,0.0,0.0,0.0,1098.96,70.116,52.296,10.69766750532499,2.1316282072803006e-17
169,S5,no_TTI,0.9,0.3187017668322189,3.049079754601227,0.0,0.0,0.0,1090.68,59.64,42.72,10.686193440761791,-6.661338147750939e-18
170,S5,symptom_based_TTI,0.5,0.5325135474084625,3.002932551319648,67.572,8.772,57.504000000000005,544.248,61.44,45.564,4.832477704846243,0.1482951151766208
171,S5,symptom_based_TTI,0.5,0.539056298869064,3.1495877502944643,66.24000000000001,7.524000000000001,56.82,536.256,64.176,48.516,4.477166351015676,0.19902250322827797
172,S5,symptom_based_TTI,0.6,0.49546460861169556,3.3645320197044337,79.27199999999999,9.972,68.03999999999999,694.9200000000001,65.568,50.616,5.025196904084515,0.2711888032907669
173,S5,symptom_based_TTI,0.6,0.47349172512533977,3.207440100882724,79.128,9.408,66.84,679.056,61.044000000000004,47.076,4.6710407932636935,0.2854646941508452
174,S5,symptom_based_TTI,0.7,0.4220149231070868,3.2279761904761903,88.416,10.932,77.22,875.52,65.076,49.428,6.882793754214263,0.2573853959468686
175,S5,symptom_based_TTI,0.7,0.4458901597367186,3.1775110549589387,91.25999999999999,11.856,78.396,882.9599999999999,60.36,46.116,5.549319293522145,0.22455123211915123
176,S5,symptom_based_TTI,0.8,0.37319332451019444,3.162272993555946,102.48,12.276,89.7,1155.0720000000001,64.776,47.916,8.721801803773886,0.4937061369592905
177,S5,symptom_based_TTI,0.8,0.35222000208659227,3.0865030674846627,105.96000000000001,12.336,89.84400000000001,1155.288,60.372,45.84,7.102466653545272,0.5401101056409815
178,S5,symptom_based_TTI,0.9,0.30320651309170304,3.145314353499407,112.64399999999999,13.872,100.36800000000001,1373.2800000000002,63.635999999999996,48.06,8.786343716191515,0.6551821109371434
179,S5,symptom_based_TTI,0.9,0.3047059335878602,3.069197795468463,113.46000000000001,12.744,101.124,1403.4479999999999,60.144,44.232,9.38121033517146,0.5597721902408233
180,S5,test_based_TTI,0.5,0.5471241961626405,3.0704310868245295,6.648,0.828,55.512,448.632,60.684000000000005,45.564,4.107278034384545,0.1993593526570329
181,S5,test_based_TTI,0.5,0.540427300239007,3.148342059336824,7.763999999999999,0.9359999999999999,56.556,477.86400000000003,64.944,48.839999999999996,4.8305731924537385,0.12549245821603194
182,S5,test_based_TTI,0.6,0.5036776945474649,3.249540159411404,8.196,0.972,66.97200000000001,601.512,63.6,48.588,4.940862967741242,0.2131571945757812
183,S5,test_based_TTI,0.6,0.5131889687162878,3.266060606060606,7.86,0.96,68.01599999999999,621.096,64.668,49.08,5.251981127739798,0.17487729167770383
184,S5,test_based_TTI,0.7,0.3792872242739102,2.986198964922369,9.432,0.9840000000000001,77.832,803.952,62.315999999999995,46.728,7.366080229545866,0.3069539743061765
185,S5,test_based_TTI,0.7,0.42417768903945297,3.1207729468599035,8.844,0.876,78.708,800.88,62.016000000000005,46.884,6.511460688215379,0.19128027519261645
186,S5,test_based_TTI,0.8,0.36688301006282364,3.274278987639788,13.463999999999999,1.488,89.928,1042.992,66.756,50.856,7.979510215169846,0.44047897566930694
187,S5,test_based_TTI,0.8,0.3568744601007608,3.0936170212765957,11.772,1.368,90.0,1001.8319999999999,61.068000000000005,45.72,7.864995113001233,0.43830304460974806
188,S5,test_based_TTI,0.9,0.2659893434847856,3.011990407673861,12.876000000000001,1.74,101.64,1262.8799999999999,60.288,44.616,9.96874226798218,0.3792150328263454
189,S5,test_based_TTI,0.9,0.312331727252827,3.143802647412756,11.844,1.548,100.596,1211.808,62.699999999999996,47.46,8.503258682492792,0.5075973491768174
190,S5,test_based_TTI_test_contacts,0.5,0.5374078697836803,3.280952380952381,6.012,0.6599999999999999,58.692,412.608,66.144,50.748,4.46067854878982,0.10117879637118787
191,S5,test_based_TTI_test_contacts,0.5,0.5559181555734479,3.2685925015365704,7.104,0.888,59.532,429.456,63.816,48.06,4.784634052378703,0.11761987820530549
192,S5,test_based_TTI_test_contacts,0.6,0.4921319176913145,3.098340503995083,7.692,0.864,71.508,541.488,60.492,45.78,4.93838586988139,0.16523056911339268
193,S5,test_based_TTI_test_contacts,0.6,0.5064645773487634,3.294691885295912,8.94,1.1880000000000002,72.612,564.696,64.80000000000001,49.128,5.564067471309278,0.14678722139524844
194,S5,test_based_TTI_test_contacts,0.7,0.43311031225364444,3.1343465045592707,8.484,1.152,83.664,721.968,61.87199999999999,47.028000000000006,6.034373744091711,0.26002869202135187
195,S5,test_based_TTI_test_contacts,0.7,0.4386734235387199,3.127294256956779,9.264000000000001,1.344,84.63600000000001,715.416,63.384,47.64,6.599770660981529,0.25319639073569916
196,S5,test_based_TTI_test_contacts,0.8,0.3606312747203269,3.3463855421686746,13.044,1.7040000000000002,100.236,909.096,66.66,50.976,8.050830669921387,0.4493943376497028
197,S5,test_based_TTI_test_contacts,0.8,0.3446819257945726,3.19535175879397,9.9,1.5,98.196,870.912,61.044000000000004,46.26,7.8903986326349935,0.3087978569854947
198,S5,test_based_TTI_test_contacts,0.9,0.2693708531226727,3.0926479378362224,12.491999999999999,1.536,111.888,1112.736,62.087999999999994,46.836,9.447500453426525,0.3966102992826849
199,S5,test_based_TTI_test_contacts,0.9,0.3347290635782586,3.192473781616286,11.964,1.296,110.784,1060.416,62.099999999999994,46.692,8.42980531932874,0.4670449359469709
