,strategy,gov_policy,home_sar,effective_r,base_r,manual_traces,app_traces,test_needed,persondays_quarantined,secondary_infections,secondary_infections_social,secondary_infections_isolating,secondary_infections_contact
0,S1,no_TTI,0.1,2.277079331631381,3.7817962628089212,0.0,0.0,0.0,855.624,75.288,0.0,29.95590466588246,-7.993605777301126e-18
1,S1,no_TTI,0.1,2.2515459965637317,3.716175586289838,0.0,0.0,0.0,851.496,74.16,0.0,29.228148092574166,0.0
2,S1,no_TTI,0.2,2.230774409425894,3.7868852459016393,0.0,0.0,0.0,828.384,74.84400000000001,0.0,30.754974572106633,-1.199040866595169e-17
3,S1,no_TTI,0.2,2.1715765161807967,3.5413936867182847,0.0,0.0,0.0,838.08,71.352,0.0,27.599076351989297,-1.4654943925052067e-17
4,S1,no_TTI,0.3,2.435924930672244,4.136529126213592,0.0,0.0,0.0,809.928,81.804,0.0,33.6311485710257,5.329070518200751e-17
5,S1,no_TTI,0.3,2.3043798898135983,3.8628783199505867,0.0,0.0,0.0,807.216,75.048,0.0,30.278507500701394,3.597122599785507e-17
6,S1,no_TTI,0.4,2.5276926098287236,4.113945578231292,0.0,0.0,0.0,816.7439999999999,87.084,0.0,33.577802835145555,5.3290705182007515e-18
7,S1,no_TTI,0.4,2.4425276507038656,4.079433497536946,0.0,0.0,0.0,804.5759999999999,79.5,0.0,31.900021143083055,-2.9309887850104134e-17
8,S1,no_TTI,0.5,2.458824320195695,4.213859020310633,0.0,0.0,0.0,806.376,84.648,0.0,35.255137055908875,-2.7977620220553945e-17
9,S1,no_TTI,0.5,2.507175431040295,4.336668628605062,0.0,0.0,0.0,803.856,88.416,0.0,37.29970731195045,-1.9984014443252817e-17
10,S1,no_TTI,0.6,2.6128817670562636,4.438995215311005,0.0,0.0,0.0,780.384,89.064,0.0,36.63914022578312,1.3322676295501878e-17
11,S1,no_TTI,0.6,2.431639682167268,4.191831683168317,0.0,0.0,0.0,770.232,81.288,0.0,34.133643283412326,5.995204332975844e-17
12,S1,no_TTI,0.7,2.692881534757432,4.593009478672986,0.0,0.0,0.0,762.168,93.036,0.0,38.488991631953475,1.5987211554602253e-17
13,S1,no_TTI,0.7,2.6602160912635897,4.4639045825486505,0.0,0.0,0.0,756.384,85.332,0.0,34.47930919940522,3.597122599785507e-17
14,S1,no_TTI,0.8,2.7870932521748872,4.824742268041237,0.0,0.0,0.0,739.584,95.472,0.0,40.32099872596335,-6.661338147750939e-18
15,S1,no_TTI,0.8,2.912746337511578,4.9805942995755,0.0,0.0,0.0,725.856,98.556,0.0,40.91857547332093,-1.3322676295501879e-18
16,S1,no_TTI,0.9,2.885526408684825,4.936374549819928,0.0,0.0,0.0,727.1519999999999,98.688,0.0,41.00055603757296,4.662936703425657e-17
17,S1,no_TTI,0.9,2.750727234781279,4.842563783447417,0.0,0.0,0.0,745.224,93.384,0.0,40.338976004477814,-8.79296635503124e-17
18,S1,no_TTI,1.0,2.797675966963676,5.035005834305718,0.0,0.0,0.0,733.7040000000001,103.56,0.0,46.017400711491135,3.730349362740526e-17
19,S1,no_TTI,1.0,3.0684037181569352,5.237507348618459,0.0,0.0,0.0,722.5440000000001,106.908,0.0,44.27574330498065,-2.2648549702353192e-17
20,S1,symptom_based_TTI,0.1,1.6963762531859763,3.402132998745295,1769.784,297.096,90.372,5774.136,65.076,0.0,24.496771877681116,8.13094315137752
21,S1,symptom_based_TTI,0.1,1.7826055558297955,3.563532401524778,1807.908,302.652,89.32799999999999,5852.496,67.30799999999999,0.0,25.07586667894928,8.56227958253752
22,S1,symptom_based_TTI,0.2,1.7733419521968303,3.6591044776119404,1706.124,292.824,88.488,5670.527999999999,73.548,0.0,29.68617583034053,8.217650930503147
23,S1,symptom_based_TTI,0.2,1.9063251054018229,3.607761194029851,1767.6599999999999,306.084,89.94000000000001,5648.280000000001,72.51599999999999,0.0,26.56513079583367,7.633734585589652
24,S1,symptom_based_TTI,0.3,1.9609251989795526,3.888888888888889,1784.76,309.63599999999997,90.288,5909.496,74.76,0.0,28.397293583884906,8.66588039093214
25,S1,symptom_based_TTI,0.3,1.937632390881953,3.9193168433451118,1775.9879999999998,316.416,90.56400000000001,5838.816,79.86,0.0,31.42697448182236,8.951827921566892
26,S1,symptom_based_TTI,0.4,2.0314127958134547,4.001786777843955,1772.8799999999999,297.048,89.628,5463.336,80.628,0.0,32.941398020782145,6.757696969168369
27,S1,symptom_based_TTI,0.4,2.1832606234085348,4.177237700059277,1762.7279999999998,307.87199999999996,89.10000000000001,5739.672,84.564,0.0,31.62764053933364,8.738431400383924
28,S1,symptom_based_TTI,0.5,2.1648260575449747,4.235011990407674,1748.1960000000001,315.084,89.58000000000001,5523.455999999999,84.768,0.0,34.172725219064965,7.2641164131147935
29,S1,symptom_based_TTI,0.5,2.0713110391994816,4.114695340501792,1847.5079999999998,324.696,89.616,5776.488,82.65599999999999,0.0,33.61901172498018,7.428492119580607
30,S1,symptom_based_TTI,0.6,2.1959630384915307,4.615815691158157,1822.884,309.75600000000003,90.53999999999999,5848.128,88.95599999999999,0.0,38.259570008273066,8.375830313918128
31,S1,symptom_based_TTI,0.6,2.1454506359251586,4.462651997683845,1801.068,318.42,90.036,5912.52,92.48400000000001,0.0,39.065352363422576,8.956328657664411
32,S1,symptom_based_TTI,0.7,2.318873969774757,4.7176470588235295,1763.616,305.808,89.94000000000001,5736.984,96.24000000000001,0.0,40.0902530679649,8.844717948630029
33,S1,symptom_based_TTI,0.7,2.291079685438585,4.660240963855422,1736.94,320.688,89.4,5691.456,92.832,0.0,38.96336145883413,8.23033120722926
34,S1,symptom_based_TTI,0.8,2.4804340496002495,5.008338296605122,1761.732,307.02,89.244,5695.272,100.908,0.0,42.764946988851946,8.167267779802184
35,S1,symptom_based_TTI,0.8,2.29321505773163,4.643115942028985,1745.148,301.212,89.64,5503.0560000000005,92.268,0.0,39.088421544681076,7.608808828075965
36,S1,symptom_based_TTI,0.9,2.4171397935858745,4.900243309002433,1811.28,297.06,89.77199999999999,5723.592,96.672,0.0,40.99613924285596,7.9905269092819085
37,S1,symptom_based_TTI,0.9,2.3913461235860645,5.0984393757503,1752.7559999999999,314.844,89.388,5591.592000000001,101.92800000000001,0.0,46.423314292986795,7.69689400428062
38,S1,symptom_based_TTI,1.0,2.4928326384513038,5.271951219512195,1779.564,288.084,90.31200000000001,5620.392,103.75200000000001,0.0,46.782947055583385,7.910106619694938
39,S1,symptom_based_TTI,1.0,2.5992662485550313,5.20048602673147,1771.056,327.828,89.088,5631.744,102.72,0.0,43.80131442229519,7.577978636245804
40,S1,test_based_TTI,0.1,1.8403182468745842,3.5495169082125604,192.552,34.8,89.52,3103.2479999999996,70.536,0.0,27.637690945998116,6.327504852110044
41,S1,test_based_TTI,0.1,1.8139382833970288,3.5160349854227406,202.128,37.692,89.41199999999999,3265.344,72.36,0.0,28.539958353092906,6.489191774596214
42,S1,test_based_TTI,0.2,1.801319583443042,3.561248527679623,189.192,38.532,89.11200000000001,3050.136,72.56400000000001,0.0,30.037152632936778,5.823159534827723
43,S1,test_based_TTI,0.2,1.936580637336451,3.6682436428149026,171.192,27.12,88.86,2860.368,74.43599999999999,0.0,29.64510932294047,5.493796384228185
44,S1,test_based_TTI,0.3,1.9792727922471496,3.925,180.684,27.672,90.05999999999999,2933.952,77.244,0.0,32.025108314172854,6.266803134403144
45,S1,test_based_TTI,0.3,2.089635938222266,3.9857566765578634,191.01600000000002,40.308,89.676,3136.872,80.592,0.0,32.49773945515097,5.841821873994769
46,S1,test_based_TTI,0.4,2.125596011230107,4.003740648379052,184.128,29.208000000000002,90.024,2947.56,77.064,0.0,29.96336369935017,6.187164276492636
47,S1,test_based_TTI,0.4,2.165241150274996,4.156288156288157,183.3,27.612,90.41999999999999,2952.2400000000002,81.696,0.0,33.34210387571662,5.793916074477986
48,S1,test_based_TTI,0.5,2.107055826088062,4.040356083086054,169.584,28.752000000000002,89.41199999999999,2767.488,81.696,0.0,32.9624715070212,6.128859689478142
49,S1,test_based_TTI,0.5,2.1108218960596097,4.069277108433735,177.612,29.664,89.544,2873.4,81.06,0.0,33.27433838014483,5.738089450347698
50,S1,test_based_TTI,0.6,2.4332862710633485,4.550595238095238,196.536,33.348,89.364,3092.592,91.74,0.0,36.26884134224342,6.416107433119459
51,S1,test_based_TTI,0.6,2.22694817241681,4.267314702308627,191.4,33.888,88.96799999999999,3027.984,84.288,0.0,34.07048965557679,6.230830042846317
52,S1,test_based_TTI,0.7,2.4100897933971694,4.648456057007126,202.26,30.491999999999997,88.92,3114.72,93.936,0.0,38.60794509731827,6.624960357711632
53,S1,test_based_TTI,0.7,2.262295272113425,4.6672694394213385,182.388,34.332,90.24,2932.1040000000003,92.916,0.0,41.527614062062646,6.3506116607032075
54,S1,test_based_TTI,0.8,2.614479867449912,5.019097222222222,196.584,39.336,88.332,3065.64,104.076,0.0,43.37127227822554,6.490873190333041
55,S1,test_based_TTI,0.8,2.437235884137194,4.751049790041992,168.624,25.2,89.172,2747.04,95.04,0.0,41.049748584944645,5.235784788774842
56,S1,test_based_TTI,0.9,2.442690424240241,5.097238895558223,199.104,35.688,90.096,3093.984,101.904,0.0,46.678082279323554,6.391650759265532
57,S1,test_based_TTI,0.9,2.6054798044372296,4.8712296983758705,188.82,30.912,89.088,2971.5119999999997,100.776,0.0,40.83594362066625,6.037890185136352
58,S1,test_based_TTI,1.0,2.597337501870654,5.124242424242424,202.992,38.592,89.448,3120.672,101.46000000000001,0.0,43.71272445027753,6.31999301268347
59,S1,test_based_TTI,1.0,2.731791183893355,5.447560975609756,190.644,33.696,90.24,2986.104,107.208,0.0,47.04158387943603,6.404765621542732
60,S1,test_based_TTI_test_contacts,0.1,1.7340413336624398,3.3891238670694865,174.708,28.668,231.564,1155.024,67.30799999999999,0.0,26.725880784123074,6.144058329340828
61,S1,test_based_TTI_test_contacts,0.1,1.722214885598938,3.492121212121212,191.688,32.64,245.36400000000003,1167.816,69.144,0.0,28.858469344886373,6.185675920254601
62,S1,test_based_TTI_test_contacts,0.2,1.9709028772172392,3.717023675310034,186.14399999999998,37.044,241.44,1170.48,79.128,0.0,30.97811337784541,6.1933061719539335
63,S1,test_based_TTI_test_contacts,0.2,1.9651198978275375,3.650328750747161,187.39200000000002,31.380000000000003,241.42799999999997,1161.7199999999998,73.284,0.0,27.970702772262417,5.861550158951883
64,S1,test_based_TTI_test_contacts,0.3,2.127967083911936,3.9448275862068964,174.29999999999998,32.22,232.668,1095.912,75.50399999999999,0.0,29.54964929909103,5.225060714834475
65,S1,test_based_TTI_test_contacts,0.3,2.0539937422480676,3.982673267326733,203.484,39.648,257.316,1163.784,77.232,0.0,31.240280271754774,6.160673078570636
66,S1,test_based_TTI_test_contacts,0.4,2.1430879939802505,4.116616314199396,181.476,26.916,236.34,1102.296,81.756,0.0,33.37874936649117,5.815523073060967
67,S1,test_based_TTI_test_contacts,0.4,2.083591316510052,3.9889908256880733,175.692,30.552,232.992,1092.432,78.264,0.0,31.52673038780758,5.857207982265171
68,S1,test_based_TTI_test_contacts,0.5,2.0085594712658263,3.934718100890208,175.644,30.852,231.88799999999998,1084.752,79.56,0.0,33.38708235343013,5.559845137574798
69,S1,test_based_TTI_test_contacts,0.5,2.2507880395908333,4.2507534659433395,180.276,34.739999999999995,236.004,1107.552,84.62400000000001,0.0,33.8973821608309,5.917929546994742
70,S1,test_based_TTI_test_contacts,0.6,2.1953490306852954,4.318727490996398,185.72400000000002,30.48,240.6,1110.6000000000001,86.34,0.0,36.74032391545846,5.710258263081064
71,S1,test_based_TTI_test_contacts,0.6,2.377239992420392,4.613246599645181,205.776,34.848,256.596,1130.9759999999999,93.612,0.0,38.9463238474727,6.426722226332587
72,S1,test_based_TTI_test_contacts,0.7,2.3899259369548678,4.572910311165344,177.948,28.343999999999998,232.60799999999998,1066.8719999999998,89.94000000000001,0.0,37.101290675639866,5.833645996331717
73,S1,test_based_TTI_test_contacts,0.7,2.514348605440199,4.844827586206897,203.016,35.064,255.156,1115.0880000000002,97.788,0.0,40.6440851700859,6.394302577709082
74,S1,test_based_TTI_test_contacts,0.8,2.447533553269936,4.734631771150335,174.444,29.651999999999997,230.68800000000002,1037.04,93.348,0.0,39.257309098777796,5.835119364952053
75,S1,test_based_TTI_test_contacts,0.8,2.583844953249506,4.875615763546798,178.896,31.332,233.412,1053.5520000000001,95.01599999999999,0.0,38.49916628946042,6.162863261613113
76,S1,test_based_TTI_test_contacts,0.9,2.5120242916737916,4.940800928612885,196.224,35.844,249.65999999999997,1076.184,102.15599999999999,0.0,43.67048155216052,6.546904193192171
77,S1,test_based_TTI_test_contacts,0.9,2.4812688036164574,4.823181549379066,172.464,35.424,229.632,1027.6319999999998,97.872,0.0,41.68102411902478,5.841069317989993
78,S1,test_based_TTI_test_contacts,1.0,2.6821376316184113,5.084403669724771,187.15200000000002,30.18,241.392,1034.1119999999999,99.756,0.0,41.19660870572744,5.935850961919236
79,S1,test_based_TTI_test_contacts,1.0,2.661987135546584,5.41186839012926,221.61599999999999,34.476,270.564,1119.552,110.53200000000001,0.0,49.389981975884616,6.773592767711826
80,S2,no_TTI,0.1,1.8108773047800573,3.525664811379097,0.0,0.0,0.0,839.928,68.412,7.896,25.37773677804777,1.3322676295501879e-18
81,S2,no_TTI,0.1,1.9192010119436924,3.4575,0.0,0.0,0.0,837.24,66.384,10.464,19.07134057068111,-1.199040866595169e-17
82,S2,no_TTI,0.2,2.002169506443184,3.7673846153846156,0.0,0.0,0.0,838.6560000000001,73.464,10.787999999999998,23.63369462435789,7.993605777301126e-18
83,S2,no_TTI,0.2,2.024232011247137,3.7447852760736198,0.0,0.0,0.0,825.552,73.248,9.228,24.42602186000598,-2.2648549702353192e-17
84,S2,no_TTI,0.3,1.958725158927922,3.7112299465240643,0.0,0.0,0.0,805.632,74.952,9.456,25.937586690291685,4.130029651605582e-17
85,S2,no_TTI,0.3,2.0688278754489944,3.750301568154403,0.0,0.0,0.0,795.816,74.616,8.916,24.53860059006679,-6.661338147750939e-18
86,S2,no_TTI,0.4,2.137587321942234,4.214069132807762,0.0,0.0,0.0,836.808,83.38799999999999,9.708,31.38142207340706,-2.6645352591003756e-17
87,S2,no_TTI,0.4,2.1874287693316714,4.058433734939759,0.0,0.0,0.0,819.24,80.844,9.66,27.610418914913094,-4.130029651605582e-17
88,S2,no_TTI,0.5,2.261642684101125,4.152284263959391,0.0,0.0,0.0,811.3439999999999,88.344,8.748000000000001,31.477290253064446,-1.0658141036401503e-17
89,S2,no_TTI,0.5,2.302516535455378,4.238680465717982,0.0,0.0,0.0,767.232,78.636,6.72,29.199713234231805,0.0
90,S2,no_TTI,0.6,2.1205373381525274,4.4049114791547685,0.0,0.0,0.0,784.3199999999999,92.556,10.74,37.2592694507391,1.5987211554602253e-17
91,S2,no_TTI,0.6,2.278948415239449,4.267119062307218,0.0,0.0,0.0,769.824,83.00399999999999,8.363999999999999,30.309895426762218,6.261657858885884e-17
92,S2,no_TTI,0.7,2.4101972373511997,4.824655894673848,0.0,0.0,0.0,773.328,96.744,11.244,37.17072499663373,1.199040866595169e-17
93,S2,no_TTI,0.7,2.2756236889571593,4.409652736904061,0.0,0.0,0.0,776.088,89.904,8.064,35.44458422954143,1.199040866595169e-17
94,S2,no_TTI,0.8,2.4300385287386264,4.839622641509434,0.0,0.0,0.0,749.832,98.496,9.72,39.319855863111464,6.394884621840901e-17
95,S2,no_TTI,0.8,2.4367349737847697,4.914803625377644,0.0,0.0,0.0,757.9440000000001,97.608,11.58,37.63444342063447,-6.394884621840901e-17
96,S2,no_TTI,0.9,2.5688848550686814,4.910820451843044,0.0,0.0,0.0,731.088,99.11999999999999,8.604,38.66562808529371,3.9968028886505634e-17
97,S2,no_TTI,0.9,2.5212237323468796,4.8174651303820495,0.0,0.0,0.0,731.04,95.328,9.048,36.39002478431993,2.7977620220553945e-17
98,S2,no_TTI,1.0,2.539839396540901,4.94853381208857,0.0,0.0,0.0,731.4,99.228,8.676,39.62314042056186,3.996802888650563e-18
99,S2,no_TTI,1.0,2.6260452784431334,5.366725248974809,0.0,0.0,0.0,733.032,109.932,12.564,43.57608851637089,1.865174681370263e-17
100,S2,symptom_based_TTI,0.1,1.3844758805105928,3.315347721822542,1740.2279999999998,280.86,89.316,5417.784000000001,66.36,9.144,22.468161543975935,7.036169231724047
101,S2,symptom_based_TTI,0.1,1.3960647040085226,3.2710336538461537,1649.988,262.272,89.83200000000001,5235.816,65.316,8.436,21.941595445532045,7.0617845448257714
102,S2,symptom_based_TTI,0.2,1.3751146563277388,3.5630407911001236,1720.32,271.836,89.976,5622.84,69.18,9.504000000000001,24.775966782741285,8.20080704999936
103,S2,symptom_based_TTI,0.2,1.5741267974922228,3.531547619047619,1669.1640000000002,259.776,87.972,5244.288,71.19600000000001,9.36,23.093537173381524,7.008066589175252
104,S2,symptom_based_TTI,0.3,1.65740475404935,3.912860576923077,1674.636,248.568,89.652,5443.392000000001,78.132,8.94,27.967724847992343,8.129217023150254
105,S2,symptom_based_TTI,0.3,1.5935089179019517,3.8171620863712845,1660.704,262.692,89.85600000000001,5419.296,81.672,11.916,28.03551556538423,7.625767627185605
106,S2,symptom_based_TTI,0.4,1.7126753621150657,3.9535603715170278,1638.72,262.596,90.67200000000001,5123.16,76.61999999999999,9.756,27.150451397592324,6.521900084617682
107,S2,symptom_based_TTI,0.4,1.646921917745247,3.8285547103569337,1636.0439999999999,266.148,88.92,5177.976,78.516,9.924,28.019031099225195,6.797894211655262
108,S2,symptom_based_TTI,0.5,1.9297090171838958,4.191399152029073,1695.804,256.608,90.264,5463.336,83.03999999999999,7.896,30.08149203284905,6.831112918703596
109,S2,symptom_based_TTI,0.5,1.9141000335257108,4.232077764277035,1672.3319999999999,267.216,89.916,5185.248,83.592,9.192,30.371716504434655,6.220979633365488
110,S2,symptom_based_TTI,0.6,1.8230317586064597,4.368600682593857,1666.212,261.264,89.84400000000001,5470.584,92.16,9.107999999999999,36.89152718145191,7.701794838986213
111,S2,symptom_based_TTI,0.6,1.8327651574205632,4.388646288209607,1597.92,247.608,89.988,5000.808,84.42,11.304,31.8665810521863,5.994348379671742
112,S2,symptom_based_TTI,0.7,1.8626990766926153,4.4763897190675435,1691.196,251.892,89.47200000000001,5432.784000000001,89.868,8.52,36.48323855712329,7.469214779195782
113,S2,symptom_based_TTI,0.7,2.0960744651999716,4.720142602495543,1680.72,266.31600000000003,88.60799999999999,5366.64,95.328,9.024000000000001,36.561766512329804,7.409913588491562
114,S2,symptom_based_TTI,0.8,2.085178957966348,4.771327014218009,1728.9479999999999,255.11999999999998,88.824,5464.487999999999,96.648,9.852,36.91569958750199,7.642915439931622
115,S2,symptom_based_TTI,0.8,2.0109620361449387,4.621364985163205,1736.868,262.152,88.98,5431.416,93.44399999999999,10.488000000000001,35.14089052040418,7.1534571087451715
116,S2,symptom_based_TTI,0.9,2.282001249993931,5.296163069544365,1679.8319999999999,255.552,89.48400000000001,5452.464,106.008,10.764,42.101568090110945,7.465894890010519
117,S2,symptom_based_TTI,0.9,2.145218072981733,4.9243746364165215,1639.8960000000002,263.94,89.664,5071.512,101.58,11.916,38.04019761591481,7.372243974617958
118,S2,symptom_based_TTI,1.0,2.327369787201153,5.191463414634146,1668.24,261.18,89.85600000000001,5320.248,102.168,9.0,39.49180282053185,7.873559767349397
119,S2,symptom_based_TTI,1.0,2.3615174312753,5.129505192425168,1733.4479999999999,265.668,89.43599999999999,5174.832,100.764,9.324,38.18378506537375,6.8665665146542505
120,S2,test_based_TTI,0.1,1.5401250623449934,3.5282674772036473,194.71200000000002,25.344,89.52,3079.152,69.648,10.559999999999999,22.412085075635755,6.273846193674025
121,S2,test_based_TTI,0.1,1.6269657597640135,3.4435912581216774,171.756,21.924,89.48400000000001,2823.288,69.96,8.616,23.075978633512293,5.214584991121965
122,S2,test_based_TTI,0.2,1.7621739952239344,3.711150652431791,174.60000000000002,25.092000000000002,89.34,2861.3759999999997,75.084,9.623999999999999,24.16446506974047,5.643230658888876
123,S2,test_based_TTI,0.2,1.733219680673584,3.8327359617682197,190.68,31.872,89.184,3050.832,76.99199999999999,11.208,24.87143255913592,6.095650495493069
124,S2,test_based_TTI,0.3,1.7327959853474058,4.0178147268408555,178.22400000000002,27.012,89.652,2897.88,81.192,11.448,28.877236981324337,5.850421746775285
125,S2,test_based_TTI,0.3,1.6614540840608407,3.916875,173.052,25.944,89.556,2814.192,75.20400000000001,9.948,27.93303480174222,5.423046784289601
126,S2,test_based_TTI,0.4,1.8668500233701038,4.141641337386019,178.692,28.74,89.532,2867.448,81.756,10.236,28.519390665622456,6.148989873051647
127,S2,test_based_TTI,0.4,1.8395626522810347,4.047787610619469,175.03199999999998,29.555999999999997,89.076,2832.9120000000003,82.33200000000001,10.428,28.456342181861626,6.030953470742091
128,S2,test_based_TTI,0.5,1.974904015028961,4.217162872154115,183.024,29.736,89.172,2910.024,86.688,9.36,30.9705087483203,5.76136431874433
129,S2,test_based_TTI,0.5,1.8423341282122894,4.245882352941177,174.516,27.887999999999998,89.664,2822.664,86.616,11.315999999999999,32.04034997456395,5.676033809905297
130,S2,test_based_TTI,0.6,2.0131584249250043,4.721351025331725,171.288,26.304000000000002,89.652,2754.192,93.936,12.732,35.11502179211919,6.035178185572843
131,S2,test_based_TTI,0.6,1.8718746937251578,4.298787878787879,167.51999999999998,28.464,90.348,2738.952,85.116,8.616,33.94277613437093,5.494104929870933
132,S2,test_based_TTI,0.7,2.1073864389751646,4.479976784677888,180.62400000000002,31.464,88.36800000000001,2850.216,92.628,9.24,34.28460266641648,5.5310753213329305
133,S2,test_based_TTI,0.7,2.307260363078749,4.723562152133581,189.492,33.912,89.78399999999999,2944.392,91.656,9.444,31.788019727204553,5.653900187615371
134,S2,test_based_TTI,0.8,2.261141015215551,4.741916519694297,189.756,30.768,89.172,2957.064,96.792,10.452,34.241967460994,5.943622136426097
135,S2,test_based_TTI,0.8,2.1563047084080624,4.578507462686567,176.412,26.316,89.10000000000001,2790.024,92.028,10.14,33.315363706455244,5.230911654542618
136,S2,test_based_TTI,0.9,2.2245267732365708,4.965617715617715,175.14000000000001,27.204,89.16,2754.528,102.252,10.847999999999999,39.671784461201604,5.92476022431088
137,S2,test_based_TTI,0.9,2.2077337929671104,4.99383096853794,174.228,28.128,90.012,2773.536,97.14,9.863999999999999,38.660460435929885,5.670701823273814
138,S2,test_based_TTI,1.0,2.310095381057525,5.032846715328467,169.69199999999998,28.343999999999998,89.028,2684.7360000000003,99.288,8.688,39.55213198957803,5.474306332919071
139,S2,test_based_TTI,1.0,2.3676611062044977,5.311672683513839,179.628,23.688,89.94000000000001,2804.448,105.936,11.208,42.203578629831206,5.303788268026272
140,S2,test_based_TTI_test_contacts,0.1,1.4356644321311385,3.5107913669064748,177.49200000000002,23.880000000000003,230.46,1157.64,70.272,11.136,24.743952669506882,5.655788056956242
141,S2,test_based_TTI_test_contacts,0.1,1.4553797353963047,3.542056074766355,211.38,37.428000000000004,257.82,1227.816,72.768,9.96,26.188590882141554,6.7200878338767716
142,S2,test_based_TTI_test_contacts,0.2,1.5517023203144105,3.592526690391459,198.456,31.68,248.484,1156.464,72.684,8.436,26.825439422355075,6.028519233043741
143,S2,test_based_TTI_test_contacts,0.2,1.69632066106304,3.6653340948029696,171.408,21.875999999999998,225.6,1127.712,77.016,10.656,25.383418026463765,5.333492243279617
144,S2,test_based_TTI_test_contacts,0.3,1.7495769492969997,3.931238885595732,194.004,28.752000000000002,244.22400000000002,1128.6,79.584,9.516,28.313756904021652,6.335807334409826
145,S2,test_based_TTI_test_contacts,0.3,1.7995384260950817,3.730958230958231,174.624,26.388,227.556,1081.7040000000002,72.888,8.256,24.288442542978903,5.187774764827568
146,S2,test_based_TTI_test_contacts,0.4,1.7620993074523958,3.9772866789441377,161.64,21.264,216.684,1074.672,77.748,10.283999999999999,27.47296381716733,5.545518920753183
147,S2,test_based_TTI_test_contacts,0.4,1.812504245369005,4.146252285191956,180.816,29.82,233.868,1124.76,81.648,10.668000000000001,29.24862873117428,6.0395376690192135
148,S2,test_based_TTI_test_contacts,0.5,1.8932556500364752,4.1250789639924195,157.10399999999998,23.868,215.148,1031.136,78.36,8.316,29.2661823897239,4.813533282183164
149,S2,test_based_TTI_test_contacts,0.5,1.9506821601269655,4.338359469240048,174.648,23.964,228.144,1095.24,86.316,10.392,31.775222692020513,5.338005050093368
150,S2,test_based_TTI_test_contacts,0.6,2.0965104217812383,4.5793103448275865,162.252,26.832,219.96,1024.2479999999998,87.64800000000001,10.668000000000001,32.12489053170284,4.727899995404224
151,S2,test_based_TTI_test_contacts,0.6,1.926708498414498,4.426616915422885,169.74,27.012,225.852,1043.3519999999999,85.416,10.452,32.816861639189916,4.969371175403897
152,S2,test_based_TTI_test_contacts,0.7,2.1468850180621564,4.620450606585789,178.68,28.236,233.244,1056.768,95.976,11.532,34.08122185909614,5.767682545716704
153,S2,test_based_TTI_test_contacts,0.7,2.0391136104965164,4.523325358851674,170.808,28.248,225.672,1032.24,90.756,9.012,35.67450683693983,5.1567176820580345
154,S2,test_based_TTI_test_contacts,0.8,2.124638193394327,4.866293532338308,154.344,21.408,213.276,1010.3760000000001,93.89999999999999,9.18,38.63705390908394,5.085927511179066
155,S2,test_based_TTI_test_contacts,0.8,2.2065138679083485,5.1165165165165165,180.036,21.132,231.43200000000002,1053.84,102.228,11.700000000000001,40.966171583923675,5.475681335267455
156,S2,test_based_TTI_test_contacts,0.9,2.549546591478588,5.158682634730539,181.116,25.74,233.232,1022.856,103.38000000000001,10.236,36.00394074331176,6.047145563457261
157,S2,test_based_TTI_test_contacts,0.9,2.36244763732302,5.108747044917258,183.23999999999998,25.656,234.612,1036.32,103.728,10.668000000000001,38.96604693853004,6.126816233263249
158,S2,test_based_TTI_test_contacts,1.0,2.442579637041344,5.306633291614518,179.244,28.908,233.33999999999997,1012.128,101.75999999999999,11.34,38.08190730132141,5.499185578773753
159,S2,test_based_TTI_test_contacts,1.0,2.525809604576973,5.5682102628285355,169.728,24.804,224.748,1015.248,106.77600000000001,9.996,43.107488607496,5.237586415135911
160,S3,no_TTI,0.1,1.4280504704908281,3.4758162031438937,0.0,0.0,0.0,857.4960000000001,68.988,22.176,18.468054261698036,-1.3322676295501878e-17
161,S3,no_TTI,0.1,1.3620670951959435,3.393258426966292,0.0,0.0,0.0,835.704,65.232,22.248,16.799622161953184,1.0658141036401503e-17
162,S3,no_TTI,0.2,1.4699224833811115,3.653731343283582,0.0,0.0,0.0,836.424,73.44,25.944,17.95055808403964,1.5987211554602253e-17
163,S3,no_TTI,0.2,1.4340164012583312,3.5769462884731444,0.0,0.0,0.0,814.392,71.124,22.284,20.32601787737933,6.661338147750939e-18
164,S3,no_TTI,0.3,1.7315476402085337,4.217153284671533,0.0,0.0,0.0,828.192,83.196,26.796,22.240028153966048,-2.6645352591003758e-18
165,S3,no_TTI,0.3,1.5558163048203753,4.002385211687537,0.0,0.0,0.0,829.6560000000001,80.544,26.651999999999997,22.582752681794766,-6.661338147750939e-17
166,S3,no_TTI,0.4,1.6451451270953954,4.217265353418308,0.0,0.0,0.0,834.024,87.348,26.052,27.22175412760016,1.3322676295501879e-18
167,S3,no_TTI,0.4,1.6647557572431904,4.169888693614529,0.0,0.0,0.0,823.776,85.416,26.064,25.251143068630462,4.662936703425657e-17
168,S3,no_TTI,0.5,1.8430710203140594,4.492700729927007,0.0,0.0,0.0,798.12,88.632,24.804,27.46789491124421,-7.993605777301126e-18
169,S3,no_TTI,0.5,1.90295463655039,4.335336538461538,0.0,0.0,0.0,794.496,86.56800000000001,21.96,26.609801817361802,-3.1974423109204506e-17
170,S3,no_TTI,0.6,1.845339169569428,4.646674584323041,0.0,0.0,0.0,803.904,93.89999999999999,23.496,33.113386061341,5.062616992290714e-17
171,S3,no_TTI,0.6,1.707976255745707,4.526376146788991,0.0,0.0,0.0,810.696,94.728,26.304000000000002,32.67947291975385,1.865174681370263e-17
172,S3,no_TTI,0.7,1.9721195169506334,4.682587666263603,0.0,0.0,0.0,761.568,92.94,22.176,31.621371827563834,-1.199040866595169e-17
173,S3,no_TTI,0.7,1.9371398713831658,4.666866387058119,0.0,0.0,0.0,759.192,93.468,24.948,29.722962655937938,1.199040866595169e-17
174,S3,no_TTI,0.8,2.1129263240269385,4.70122699386503,0.0,0.0,0.0,749.016,91.956,21.456,29.171161102033068,-1.0658141036401503e-17
175,S3,no_TTI,0.8,1.9655632619725523,4.644016837041491,0.0,0.0,0.0,755.04,92.676,23.304000000000002,30.147219544075725,5.462297281155771e-17
176,S3,no_TTI,0.9,2.10906370944916,5.163277511961723,0.0,0.0,0.0,720.216,103.59599999999999,26.508000000000003,34.77174573361204,-5.062616992290714e-17
177,S3,no_TTI,0.9,2.3272377843179526,5.182897862232779,0.0,0.0,0.0,738.912,104.736,23.676000000000002,34.0311788545028,-4.929390229335695e-17
178,S3,no_TTI,1.0,2.254571286929424,5.147540983606557,0.0,0.0,0.0,714.192,101.736,22.740000000000002,34.43665308512684,8.126832540256147e-17
179,S3,no_TTI,1.0,2.2502055010072888,5.108827085852479,0.0,0.0,0.0,723.936,101.39999999999999,21.672,35.06592121600732,0.0
180,S3,symptom_based_TTI,0.1,1.2344914897807093,3.41865889212828,1385.7959999999998,201.72,89.136,4512.744000000001,70.35600000000001,22.512,17.343046545808885,5.095118594504127
181,S3,symptom_based_TTI,0.1,1.1393275064424941,3.4679715302491103,1373.508,195.084,89.904,4585.344,70.164,22.464000000000002,17.939937478545705,6.709188411109787
182,S3,symptom_based_TTI,0.2,1.1927731160117983,3.7116898849182314,1371.372,190.968,88.704,4548.552000000001,73.536,23.256,20.6475884343681,6.001190591206174
183,S3,symptom_based_TTI,0.2,1.2437084625991106,3.5569469290399525,1328.016,181.476,88.824,4472.688,71.58,21.612000000000002,18.717819677310807,6.221791221344709
184,S3,symptom_based_TTI,0.3,1.1236278449299135,3.602259215219976,1354.764,200.70000000000002,89.77199999999999,4475.376,72.708,21.864,22.246748009509645,5.917947568424999
185,S3,symptom_based_TTI,0.3,1.2560163867216956,3.9166666666666665,1386.3,191.724,89.652,4645.248,77.268,25.68,20.821266183332593,5.988042539421797
186,S3,symptom_based_TTI,0.4,1.4717109017023013,4.044957472660997,1349.028,200.568,89.916,4299.360000000001,79.89599999999999,22.548000000000002,23.20309038622021,5.075675883355936
187,S3,symptom_based_TTI,0.4,1.4865994403728133,4.081065088757397,1359.42,198.036,89.592,4396.0560000000005,82.764,24.012,22.29703939672659,6.30672395251275
188,S3,symptom_based_TTI,0.5,1.5570575060767908,4.191132414619533,1356.756,208.92000000000002,88.872,4520.472,83.94,20.688,26.106154456097734,5.961097812196273
189,S3,symptom_based_TTI,0.5,1.418183644923048,4.3182096873084,1324.9080000000001,192.288,90.53999999999999,4435.584,84.516,24.216,26.622846309581043,5.92046339198506
190,S3,symptom_based_TTI,0.6,1.6600973863572135,4.612537313432836,1366.368,213.3,88.992,4587.432,92.71199999999999,21.804,29.97841493228645,7.561627601933536
191,S3,symptom_based_TTI,0.6,1.493597522256973,4.566403881140085,1384.1760000000002,200.43599999999998,89.676,4620.6720000000005,90.36,24.876,29.62434262746491,6.304349602114112
192,S3,symptom_based_TTI,0.7,1.6791979172185465,4.924334140435835,1355.208,212.952,89.32799999999999,4446.936,97.62,26.88,31.48655811078495,5.965022378274579
193,S3,symptom_based_TTI,0.7,1.5961397193864122,4.782019704433497,1438.896,187.644,90.972,4878.624,93.192,24.708,30.505362391860892,6.873066756736686
194,S3,symptom_based_TTI,0.8,1.7321710599342761,4.950029394473839,1340.616,191.856,89.028,4417.272,101.03999999999999,26.028000000000002,33.423107601821684,6.231816722799863
195,S3,symptom_based_TTI,0.8,1.7184845944179084,4.893373493975903,1339.956,183.912,88.872,4390.32,97.476,24.9,32.595553918917204,5.7482329602780595
196,S3,symptom_based_TTI,0.9,1.7920592952759586,4.895767530006317,1321.5120000000002,192.96,89.46000000000001,4193.112,93.0,21.708000000000002,31.896437481950898,5.353604144986995
197,S3,symptom_based_TTI,0.9,1.9499401521945385,4.964880952380953,1329.768,193.488,89.376,4138.728,100.092,23.988,31.536700378609986,5.256506153148108
198,S3,symptom_based_TTI,1.0,1.8704323874239102,5.2,1333.044,199.27200000000002,89.916,4451.856,102.96,23.496,35.764884613413486,6.664554115593055
199,S3,symptom_based_TTI,1.0,2.0326358265726245,5.212753623188406,1418.268,208.18800000000002,88.728,4406.664,107.904,24.708,35.13957877838032,5.980859611566331
200,S3,test_based_TTI,0.1,1.0756626073501614,3.714888487040386,156.828,22.764,89.85600000000001,2644.056,73.95599999999999,29.424,18.62455733868651,4.493151474186515
201,S3,test_based_TTI,0.1,1.1064644503142955,3.3360655737704916,133.128,17.376,89.292,2362.128,68.37599999999999,22.535999999999998,18.740642822461332,4.421261803896893
202,S3,test_based_TTI,0.2,1.2331543886551493,3.798926014319809,156.0,17.808,89.568,2623.464,76.40400000000001,26.436,20.181115006526475,4.985683928841186
203,S3,test_based_TTI,0.2,1.255056927635619,3.7633061991233565,137.256,17.988,90.264,2398.704,72.12,23.267999999999997,20.043309187502153,4.756779851288884
204,S3,test_based_TTI,0.3,1.5375970853905594,3.993502658003544,160.824,20.148,88.824,2648.016,81.132,23.04,22.019688194164384,4.834489419040986
205,S3,test_based_TTI,0.3,1.2852742677769315,3.8213872832369944,147.51600000000002,23.172,89.676,2560.608,79.33200000000001,25.068,22.73381418975784,4.847892011193067
206,S3,test_based_TTI,0.4,1.5558662349990315,4.240762812872467,158.052,26.52,89.43599999999999,2605.776,85.392,23.184,25.485493506405923,5.393583985653556
207,S3,test_based_TTI,0.4,1.4978724458615422,4.1416515973478,154.584,20.580000000000002,90.14399999999999,2581.08,82.452,23.604000000000003,24.135715087951773,4.892640259836653
208,S3,test_based_TTI,0.5,1.569492331017544,4.410059171597633,153.816,22.56,89.904,2583.7439999999997,89.43599999999999,24.972,27.862326667292155,4.77236885967202
209,S3,test_based_TTI,0.5,1.537822468021353,4.093429776974081,131.628,19.272,88.824,2287.2960000000003,81.492,23.291999999999998,23.550043957159964,4.034986349470919
210,S3,test_based_TTI,0.6,1.7515965681488626,4.58375,150.264,16.296,89.892,2495.304,88.00800000000001,21.78,27.96609619356103,4.631249697980774
211,S3,test_based_TTI,0.6,1.7291176504519363,4.75,154.11599999999999,21.684,89.11200000000001,2527.92,96.444,25.248,31.67259432395717,4.415400901266657
212,S3,test_based_TTI,0.7,1.7752424229425505,4.615743440233236,142.248,24.983999999999998,89.604,2404.6800000000003,94.99199999999999,24.384,29.396926090428444,4.6765848454138315
213,S3,test_based_TTI,0.7,1.7411731301427071,4.565650644783118,138.3,21.504,89.556,2353.6079999999997,93.468,25.728,27.630432516548893,4.464271163169571
214,S3,test_based_TTI,0.8,1.8853264142363662,4.811550151975684,134.76,23.400000000000002,88.62,2282.664,94.98,22.788,30.670013097028434,4.305643485945668
215,S3,test_based_TTI,0.8,1.845312009054283,5.037735849056604,138.42,18.0,89.448,2347.152,102.528,26.34,34.29779191771804,4.334418074009139
216,S3,test_based_TTI,0.9,1.8862632174227578,5.0046783625731,153.408,25.512,89.508,2513.616,102.696,23.652,34.94360399125449,5.394274787230469
217,S3,test_based_TTI,0.9,1.926024657966502,5.02283950617284,133.07999999999998,22.596,89.11200000000001,2256.6,97.64399999999999,23.136,32.77822476856951,4.28785588056167
218,S3,test_based_TTI,1.0,2.0762444179619366,5.293908929627439,142.32,20.387999999999998,88.86,2370.648,107.424,23.951999999999998,36.89472193022575,4.446126340490602
219,S3,test_based_TTI,1.0,2.1434943682829504,5.33373786407767,140.976,19.14,89.268,2343.768,105.48,23.436,35.25619842287155,4.398056949964785
220,S3,test_based_TTI_test_contacts,0.1,1.147307533001842,3.409688995215311,161.88,25.355999999999998,217.704,1119.792,68.412,22.188000000000002,18.56439538177355,4.640026276077509
221,S3,test_based_TTI_test_contacts,0.1,1.220630868128401,3.436330718165359,135.45600000000002,18.48,194.952,1060.896,68.328,24.419999999999998,15.410627946092282,4.226347872042629
222,S3,test_based_TTI_test_contacts,0.2,1.2354706253645895,3.5783132530120483,117.13199999999999,14.94,182.148,1045.1039999999998,71.28,24.240000000000002,19.088912208940247,3.340512933797169
223,S3,test_based_TTI_test_contacts,0.2,1.2932445794882994,3.6987218502738894,149.196,19.26,207.108,1057.608,72.924,23.28,19.19609401206692,4.950295858741793
224,S3,test_based_TTI_test_contacts,0.3,1.327720180421701,3.843230403800475,157.89600000000002,16.944,213.324,1097.9279999999999,77.664,24.0,22.068008767143386,4.765421826894883
225,S3,test_based_TTI_test_contacts,0.3,1.3709486590597657,3.8877005347593583,137.016,17.58,197.62800000000001,1035.384,78.516,24.144,22.440104701309707,4.244216180319268
226,S3,test_based_TTI_test_contacts,0.4,1.4214534979396158,3.9418116376724655,148.908,25.752000000000002,206.88,1026.192,78.852,22.740000000000002,23.33107723908531,4.346166988130629
227,S3,test_based_TTI_test_contacts,0.4,1.497693675796863,4.072480848556276,135.576,21.575999999999997,197.304,1030.488,82.932,24.252,23.843816436649636,4.337149549423018
228,S3,test_based_TTI_test_contacts,0.5,1.5032229910717003,4.187200956937799,141.42000000000002,16.308,200.43599999999998,1036.632,84.012,22.776,26.77088068231565,4.3044532248217235
229,S3,test_based_TTI_test_contacts,0.5,1.5430113930494402,4.261529126213592,135.084,17.448,196.104,991.1279999999999,84.27600000000001,23.628,25.667307677777895,4.466099013276374
230,S3,test_based_TTI_test_contacts,0.6,1.7205140664072005,4.56280193236715,142.83599999999998,19.644000000000002,202.224,1005.552,90.67200000000001,23.256,28.68455460555535,4.541389866800727
231,S3,test_based_TTI_test_contacts,0.6,1.5527364038117892,4.33313679245283,144.648,19.548,203.22,1033.776,88.188,22.752,28.996305591059063,4.8384031185633845
232,S3,test_based_TTI_test_contacts,0.7,1.6901415146607843,4.796110414052698,143.316,18.732,203.55599999999998,997.464,91.74,24.360000000000003,30.665289899628775,4.385683207939739
233,S3,test_based_TTI_test_contacts,0.7,1.6205754704303421,4.3851717902350815,125.724,16.428,188.22,959.136,87.30000000000001,22.704,28.369993507952405,3.9635900267203232
234,S3,test_based_TTI_test_contacts,0.8,1.7315820741178862,4.668478260869565,141.504,23.700000000000003,201.012,986.088,92.772,20.928,32.87108085330176,4.562920169827561
235,S3,test_based_TTI_test_contacts,0.8,2.0253344382285063,4.8943990665110855,135.888,16.476,196.34400000000002,961.9680000000001,100.66799999999999,22.752,32.11962565071038,4.1392956238056415
236,S3,test_based_TTI_test_contacts,0.9,1.8598820555902715,4.9799270072992705,149.832,18.36,208.38,959.712,98.244,22.259999999999998,34.77567903434646,4.516567772968637
237,S3,test_based_TTI_test_contacts,0.9,1.8437685198426579,4.789315726290516,140.64,19.356,199.02,951.624,95.748,21.888,32.45938583341933,4.539993917886224
238,S3,test_based_TTI_test_contacts,1.0,1.9410951966493017,5.152082076041038,134.136,14.544,195.084,935.28,102.444,26.256,33.25687489928634,4.334388210538893
239,S3,test_based_TTI_test_contacts,1.0,1.935743824245008,5.120608899297424,136.524,17.928,196.848,949.056,104.952,24.348,36.515548153388465,4.413446424885813
240,S4,no_TTI,0.1,0.8681107156996496,3.2868080094228502,0.0,0.0,0.0,876.192,66.97200000000001,36.564,12.71937605690394,7.993605777301126e-18
241,S4,no_TTI,0.1,1.0058991819267873,3.509659090909091,0.0,0.0,0.0,860.616,74.12400000000001,39.252,13.627409277706251,1.3322676295501879e-18
242,S4,no_TTI,0.2,0.9281971952281929,3.4993939393939395,0.0,0.0,0.0,852.696,69.288,37.032,13.877695534481783,2.9309887850104134e-17
243,S4,no_TTI,0.2,0.9246131552708897,3.6431560071727436,0.0,0.0,0.0,855.144,73.14,38.903999999999996,15.673466294781612,-5.062616992290714e-17
244,S4,no_TTI,0.3,1.1504699447794733,3.8129149064574532,0.0,0.0,0.0,808.2,75.816,36.864,16.076055618004954,2.398081733190338e-17
245,S4,no_TTI,0.3,1.2049360892788168,4.0680722891566266,0.0,0.0,0.0,828.024,81.036,39.708000000000006,17.32567310156597,3.996802888650563e-18
246,S4,no_TTI,0.4,1.1303684809949994,4.143558282208589,0.0,0.0,0.0,813.528,81.048,39.827999999999996,19.10999251173781,2.9309887850104134e-17
247,S4,no_TTI,0.4,1.271095559970945,3.966142684401451,0.0,0.0,0.0,804.96,78.72,35.424,18.067295325696676,1.7319479184152442e-17
248,S4,no_TTI,0.5,1.2988509999062854,4.117154811715481,0.0,0.0,0.0,818.3040000000001,82.65599999999999,35.844,20.73626732588141,-6.661338147750939e-18
249,S4,no_TTI,0.5,1.317424263146275,4.020858164481526,0.0,0.0,0.0,792.792,80.964,33.972,20.464345037286595,-8.393286066166184e-17
250,S4,no_TTI,0.6,1.3351686657316857,4.674861708666257,0.0,0.0,0.0,774.0,91.272,43.644000000000005,21.560166970254553,-9.325873406851316e-18
251,S4,no_TTI,0.6,1.4911701833645883,4.698671497584541,0.0,0.0,0.0,757.56,93.372,40.403999999999996,23.335466116178885,7.860379014346108e-17
252,S4,no_TTI,0.7,1.4591055424852164,4.432889963724305,0.0,0.0,0.0,765.696,87.984,35.916000000000004,23.107673192753424,-6.661338147750939e-18
253,S4,no_TTI,0.7,1.4756848627736627,4.609263657957245,0.0,0.0,0.0,776.064,93.144,36.144000000000005,27.17936029306983,3.9968028886505634e-17
254,S4,no_TTI,0.8,1.6373737587828194,5.027828191167574,0.0,0.0,0.0,762.696,99.732,39.288000000000004,27.965054120783993,-6.128431095930865e-17
255,S4,no_TTI,0.8,1.4674402922415368,4.75916870415648,0.0,0.0,0.0,767.76,93.43199999999999,36.6,28.023212182714143,2.1316282072803006e-17
256,S4,no_TTI,0.9,1.7487145222038263,5.126597687157639,0.0,0.0,0.0,732.84,101.07600000000001,39.0,27.59834448022934,-1.0658141036401503e-17
257,S4,no_TTI,0.9,1.7483335649273775,4.975323149236193,0.0,0.0,0.0,755.952,101.616,36.468,29.440035269923243,-6.661338147750939e-18
258,S4,no_TTI,1.0,1.6256265524224638,5.314723926380368,0.0,0.0,0.0,720.7919999999999,103.95599999999999,39.827999999999996,32.33074463461661,-2.1316282072803006e-17
259,S4,no_TTI,1.0,1.7078742767238282,5.07837360047142,0.0,0.0,0.0,731.208,103.416,37.992,30.644848228795965,7.993605777301126e-18
260,S4,symptom_based_TTI,0.1,0.7809693362603384,3.5397412199630316,940.8240000000001,118.62,89.448,3302.2799999999997,68.94,37.836000000000006,12.201559551170146,3.6922816558235168
261,S4,symptom_based_TTI,0.1,0.7262566862045511,3.4239713774597496,967.9200000000001,131.7,89.748,3421.5119999999997,68.90400000000001,36.839999999999996,13.306223160833639,4.142587285985979
262,S4,symptom_based_TTI,0.2,0.8701602037631362,3.652281134401973,927.132,131.01600000000002,89.68799999999999,3179.304,71.08800000000001,36.264,14.696661869429493,3.190539924524834
263,S4,symptom_based_TTI,0.2,0.8697155169082592,3.7028604786923527,953.736,133.152,88.572,3492.696,76.116,38.7,15.031277542444034,4.506850291989797
264,S4,symptom_based_TTI,0.3,1.0148260431227007,3.982686567164179,964.7879999999999,144.204,88.992,3501.3120000000004,80.052,36.648,17.64363693347663,5.362359599757104
265,S4,symptom_based_TTI,0.3,0.924010673333559,3.9204758922980587,960.3119999999999,128.076,89.88,3246.072,75.132,37.248000000000005,16.45588289125568,3.72037656498
266,S4,symptom_based_TTI,0.4,1.0687565399980876,4.462448255470136,915.0840000000001,121.38000000000001,89.568,3341.688,90.552,42.54,22.083552966531137,4.241239323827682
267,S4,symptom_based_TTI,0.4,1.0735011940834354,4.200819672131147,963.096,139.944,89.028,3459.288,86.10000000000001,40.848,18.923132028909112,4.326387497156807
268,S4,symptom_based_TTI,0.5,1.2372363031041527,4.3578947368421055,899.0640000000001,124.992,89.304,3099.8160000000003,89.42399999999999,40.104,20.702143184025807,3.22976787627699
269,S4,symptom_based_TTI,0.5,1.0628996130774593,4.230586840545347,963.2520000000001,129.216,90.57600000000001,3398.208,85.644,36.756,23.110039655567576,4.26062057729234
270,S4,symptom_based_TTI,0.6,1.2404147175332343,4.274038461538462,924.6360000000001,129.9,89.83200000000001,3181.2000000000003,85.34400000000001,33.216,23.562251618391954,3.797147301904426
271,S4,symptom_based_TTI,0.6,1.213684198307997,4.374618669920683,930.0840000000001,130.344,89.41199999999999,3201.024,86.03999999999999,36.108,22.336340866311705,3.724918321366621
272,S4,symptom_based_TTI,0.7,1.3025025473763083,4.657317073170732,936.36,125.988,89.83200000000001,3208.584,91.656,39.455999999999996,22.700163358924982,3.866586508709279
273,S4,symptom_based_TTI,0.7,1.403287909632869,4.847788627225732,916.896,134.196,88.128,3363.84,101.28,42.348,25.177096381476986,4.437412610473075
274,S4,symptom_based_TTI,0.8,1.4275635315476112,5.035499398315283,931.716,121.12800000000001,89.77199999999999,3454.92,100.428,39.252,28.13417021928187,4.570502707532561
275,S4,symptom_based_TTI,0.8,1.3913776167138825,4.822716346153846,923.676,123.612,89.83200000000001,3212.736,96.3,39.408,25.718002947891403,3.3909688015657875
276,S4,symptom_based_TTI,0.9,1.4781230790695725,4.824937027707809,929.5680000000001,119.028,89.304,3136.7520000000004,91.944,33.540000000000006,26.689219242640977,3.5476673626092463
277,S4,symptom_based_TTI,0.9,1.5744175947890187,5.048065650644783,941.928,130.368,89.05199999999999,3171.36,103.344,39.372,28.4294355467562,3.311087452723018
278,S4,symptom_based_TTI,1.0,1.5888468871262642,5.219467956469166,938.268,133.308,89.976,2978.976,103.59599999999999,39.852000000000004,29.35689072366784,2.851676260650039
279,S4,symptom_based_TTI,1.0,1.5449258752354422,5.107374631268437,927.732,136.86,89.80799999999999,3174.1440000000002,103.884,36.636,32.011407783428645,3.8127999142824462
280,S4,test_based_TTI,0.1,0.7292772621341543,3.380048959608323,88.32,15.096,90.31200000000001,1878.936,66.276,37.308,11.846515835225063,2.8218156088484614
281,S4,test_based_TTI,0.1,0.8259982621181681,3.4880273660205243,97.67999999999999,12.42,89.316,1961.9759999999999,73.416,39.732,13.024053682412488,3.27433489652433
282,S4,test_based_TTI,0.2,0.8656580407573727,3.734782608695652,91.536,9.66,89.76,1867.704,72.15599999999999,38.724,13.829576171615612,2.8779104809519604
283,S4,test_based_TTI,0.2,0.7636680903909782,3.4857475276323444,100.824,14.184,89.616,2007.24,71.904,37.716,15.302254633060393,3.132799998354506
284,S4,test_based_TTI,0.3,0.9694308330076331,3.7384615384615385,110.208,13.512,89.676,2114.6639999999998,75.816,33.012,19.857883489900516,3.2860592167047127
285,S4,test_based_TTI,0.3,0.9424801381921677,3.8773474178403755,101.508,12.66,89.48400000000001,1978.1040000000003,79.28399999999999,40.187999999999995,16.61006320618981,3.214102928056765
286,S4,test_based_TTI,0.4,1.069429333570358,3.995906432748538,102.468,14.748,89.928,1998.6480000000001,81.99600000000001,37.836000000000006,18.984943693744626,3.2303663813916477
287,S4,test_based_TTI,0.4,1.0025417702812633,4.087885985748218,90.3,13.284,89.94000000000001,1858.032,82.608,39.24,20.23475412257772,2.8738817835785357
288,S4,test_based_TTI,0.5,1.176024173809792,3.9851002865329512,87.768,12.348,89.532,1799.976,83.44800000000001,34.896,21.032249222527213,2.893804577895752
289,S4,test_based_TTI,0.5,1.1477804806411274,4.261877172653534,117.252,15.011999999999999,88.776,2138.184,88.272,37.872,22.972267064002246,3.6549036209587493
290,S4,test_based_TTI,0.6,1.2223259861602846,4.227462686567164,93.69600000000001,11.256,89.10000000000001,1838.808,84.972,37.284,20.475311356137677,2.643936322040625
291,S4,test_based_TTI,0.6,1.2936931001321534,4.460104834012813,94.62,14.004,89.592,1877.232,91.896,40.284,22.03572166867813,2.9210256961989804
292,S4,test_based_TTI,0.7,1.2889696486823465,4.7604790419161676,98.364,13.356,90.72,1893.288,95.4,41.58,25.01598900171698,2.973059238688804
293,S4,test_based_TTI,0.7,1.2827416236684066,4.759462759462759,103.44,16.008,89.94000000000001,1944.7920000000001,93.55199999999999,38.903999999999996,26.050780756775204,3.38364988839863
294,S4,test_based_TTI,0.8,1.4894829672478822,4.779357231149567,102.24,13.908000000000001,89.78399999999999,1909.1760000000002,92.79599999999999,35.796,24.761892488563937,3.3183062193511703
295,S4,test_based_TTI,0.8,1.4379637649236978,4.831121833534379,89.85600000000001,9.564,89.76,1764.4080000000001,96.12,38.160000000000004,26.40602138521487,2.9442515478632023
296,S4,test_based_TTI,0.9,1.555897506831011,4.942092154420922,101.892,14.748,89.952,1914.504,95.244,33.252,28.633802476499262,3.372940771853459
297,S4,test_based_TTI,0.9,1.5767585003792741,5.179581795817958,102.252,12.432,90.50399999999999,1900.488,101.064,39.144,27.885311295239124,3.268976845360462
298,S4,test_based_TTI,1.0,1.5955134918115248,5.021726010863006,85.812,11.184000000000001,89.928,1684.8960000000002,99.85199999999999,36.3,29.242806133040805,2.58400359577882
299,S4,test_based_TTI,1.0,1.6261423720329602,5.205097806757558,98.832,13.428,89.79599999999999,1851.24,105.372,37.8,31.52512695049327,3.12724687007146
300,S4,test_based_TTI_test_contacts,0.1,0.8058374295027431,3.3649508386350493,103.00800000000001,14.94,170.052,1030.392,69.816,37.68,11.915444920233295,3.501040092443811
301,S4,test_based_TTI_test_contacts,0.1,0.7627216943862658,3.388888888888889,92.232,13.248,161.688,1002.624,68.808,38.412,11.71855633190261,3.1911423852786682
302,S4,test_based_TTI_test_contacts,0.2,0.8867287972271224,3.756170981336544,100.512,17.759999999999998,168.396,994.6560000000001,74.868,38.892,15.242550306179576,3.0591713074894415
303,S4,test_based_TTI_test_contacts,0.2,0.9623876757608314,3.790683605565638,108.80399999999999,16.836000000000002,177.012,1008.7919999999999,75.19200000000001,36.636,16.021071596183674,3.4450064674244887
304,S4,test_based_TTI_test_contacts,0.3,0.9240117486948974,3.793305930710511,101.736,14.399999999999999,170.57999999999998,995.7360000000001,77.52,38.04,17.60052210786,2.996373795811086
305,S4,test_based_TTI_test_contacts,0.3,0.994934568912491,3.7932440302853814,93.44399999999999,13.776,162.49200000000002,979.008,78.156,39.132,15.690336446816987,2.8340316953100673
306,S4,test_based_TTI_test_contacts,0.4,1.110734623121222,4.164067013287117,118.36800000000001,16.896,184.608,1021.368,86.496,39.144,20.567428815360557,3.7123915931654343
307,S4,test_based_TTI_test_contacts,0.4,0.98979813658825,3.9934406678592724,91.884,11.136,161.61599999999999,960.336,80.36399999999999,39.372,18.248472954006033,2.8248293452920388
308,S4,test_based_TTI_test_contacts,0.5,1.136027558493329,4.228689006466785,93.57600000000001,14.208,163.056,971.5920000000001,86.316,39.120000000000005,21.35649991025189,2.6509055657822946
309,S4,test_based_TTI_test_contacts,0.5,1.1255140887832926,4.368802902055623,102.888,13.044,169.584,942.84,86.712,39.06,22.289981469059335,3.022814896769896
310,S4,test_based_TTI_test_contacts,0.6,1.2641701041470412,4.578635014836795,99.576,13.08,167.544,939.48,92.58,40.164,23.403511466912096,3.4509690272347355
311,S4,test_based_TTI_test_contacts,0.6,1.2702794614831523,4.504424778761062,103.92,17.304,170.148,938.328,91.61999999999999,40.212,22.115870395783556,3.454645357649143
312,S4,test_based_TTI_test_contacts,0.7,1.447412087278089,4.6357279084551815,85.428,11.04,155.46,875.976,87.50399999999999,35.388,21.993837553734597,2.800811886804181
313,S4,test_based_TTI_test_contacts,0.7,1.3515256456129254,4.761305094447624,89.988,12.552,159.9,917.64,99.816,42.912,25.790759550541225,2.7798568148293574
314,S4,test_based_TTI_test_contacts,0.8,1.4225067059350394,4.908872901678657,102.15599999999999,18.491999999999997,170.148,907.608,98.256,39.612,26.855750492231884,3.3153552817723617
315,S4,test_based_TTI_test_contacts,0.8,1.4860198195830492,4.727382388419783,101.44800000000001,12.324,168.684,920.592,94.05600000000001,35.699999999999996,25.845276511713614,2.944873157861997
316,S4,test_based_TTI_test_contacts,0.9,1.5064929368898248,5.052728387492336,84.99600000000001,10.452,156.792,868.8480000000001,98.89200000000001,38.532,28.130283699009045,2.7446365401832997
317,S4,test_based_TTI_test_contacts,0.9,1.5179396267325156,4.951456310679611,97.032,13.02,166.12800000000001,886.056,97.91999999999999,35.808,29.06031523922156,3.0329107025162148
318,S4,test_based_TTI_test_contacts,1.0,1.720992230014216,5.2304855562384756,98.00399999999999,11.88,164.832,860.088,102.12,37.332,28.009693639127715,3.1776540620747395
319,S4,test_based_TTI_test_contacts,1.0,1.5428198932940225,5.303273625694874,96.072,14.064,165.888,877.44,103.03200000000001,36.983999999999995,32.849041983545526,3.225053129538233
320,S5,no_TTI,0.1,0.5800323457016947,3.4022379269729095,0.0,0.0,0.0,849.336,69.324,51.54,5.965260923982271,-1.4654943925052067e-17
321,S5,no_TTI,0.1,0.621125994701499,3.4716636197440587,0.0,0.0,0.0,860.544,68.364,47.424,8.708786912338086,2.6645352591003758e-18
322,S5,no_TTI,0.2,0.6549590687167987,3.6247072599531616,0.0,0.0,0.0,847.6320000000001,74.292,50.831999999999994,10.035958927580497,9.325873406851316e-18
323,S5,no_TTI,0.2,0.6712188394773011,3.7075295581829497,0.0,0.0,0.0,849.816,71.496,48.924,9.628215899519725,-7.993605777301126e-18
324,S5,no_TTI,0.3,0.7703035965952769,3.991869918699187,0.0,0.0,0.0,840.408,82.488,53.123999999999995,13.446446479955199,-2.1316282072803006e-17
325,S5,no_TTI,0.3,0.814050567830376,3.8753086419753084,0.0,0.0,0.0,813.912,75.336,46.692,12.81885696137749,3.730349362740526e-17
326,S5,no_TTI,0.4,0.8851498697381582,4.047114252061249,0.0,0.0,0.0,824.304,82.464,50.088,14.340186254215288,4.263256414560601e-17
327,S5,no_TTI,0.4,0.831393238273611,3.967509025270758,0.0,0.0,0.0,814.824,79.128,48.275999999999996,14.270693255871103,3.9968028886505634e-17
328,S5,no_TTI,0.5,1.0400423366101204,4.266745005875441,0.0,0.0,0.0,795.6,87.14399999999999,48.036,17.8661753170749,-4.263256414560601e-17
329,S5,no_TTI,0.5,0.9890265073278961,4.40442054958184,0.0,0.0,0.0,788.3040000000001,88.476,51.468,17.140435520797233,2.7977620220553945e-17
330,S5,no_TTI,0.6,1.102826778238274,4.454112038140644,0.0,0.0,0.0,754.1279999999999,89.68799999999999,49.632000000000005,17.849479993394116,-9.325873406851316e-18
331,S5,no_TTI,0.6,1.0242145207311573,4.586227544910179,0.0,0.0,0.0,794.136,91.908,50.808,20.574741004547608,-2.6645352591003756e-17
332,S5,no_TTI,0.7,1.1426238339612336,4.604622871046229,0.0,0.0,0.0,740.664,90.84,50.268,18.030317003612787,-6.661338147750939e-18
333,S5,no_TTI,0.7,1.191267623013239,4.709136109384711,0.0,0.0,0.0,744.8879999999999,90.924,48.972,18.951004734860383,-3.064215547965432e-17
334,S5,no_TTI,0.8,1.267591169036218,4.728875379939209,0.0,0.0,0.0,773.064,93.348,46.092,22.233750323225053,1.865174681370263e-17
335,S5,no_TTI,0.8,1.147666884145948,4.8539393939393936,0.0,0.0,0.0,760.5120000000001,96.10799999999999,51.468,21.916195693910232,4.796163466380676e-17
336,S5,no_TTI,0.9,1.2276942339924959,4.879022646007152,0.0,0.0,0.0,741.72,98.244,48.336,25.187148904327103,1.9984014443252817e-17
337,S5,no_TTI,0.9,1.3224163073796915,5.250282485875706,0.0,0.0,0.0,738.096,111.516,57.156,26.271877631255347,2.2648549702353192e-17
338,S5,no_TTI,1.0,1.3858753682685443,4.923076923076923,0.0,0.0,0.0,712.7520000000001,97.536,44.1,25.97903720386359,-2.398081733190338e-17
339,S5,no_TTI,1.0,1.4850988996491115,5.391382405745063,0.0,0.0,0.0,731.328,108.108,50.22,28.108796864236005,-5.462297281155771e-17
340,S5,symptom_based_TTI,0.1,0.48752687471528927,3.3112183353437876,497.17199999999997,75.744,89.68799999999999,2169.696,65.88000000000001,47.016,7.038955717627935,2.125209583036675
341,S5,symptom_based_TTI,0.1,0.4339423490069325,3.3938650306748466,491.76,70.83600000000001,89.79599999999999,2135.952,66.384,48.275999999999996,7.730244020538573,1.8898436328858277
342,S5,symptom_based_TTI,0.2,0.6275720739371017,3.7038551401869158,483.00000000000006,62.64,89.58000000000001,2139.096,76.092,50.891999999999996,10.12448503584867,2.1826742771875205
343,S5,symptom_based_TTI,0.2,0.5651918761902875,3.784242424242424,522.444,73.584,89.46000000000001,2284.6800000000003,74.928,51.444,9.728040092082086,2.565160759350221
344,S5,symptom_based_TTI,0.3,0.6261855837818074,3.5924170616113744,501.252,77.532,89.748,2145.744,72.768,46.608000000000004,11.483861411861751,1.9921234030539563
345,S5,symptom_based_TTI,0.3,0.7232985164945961,4.1624700239808154,535.848,75.996,89.48400000000001,2252.256,83.316,52.068,14.351942332021611,2.4185145618225543
346,S5,symptom_based_TTI,0.4,0.7875451992601262,4.183586626139817,504.552,69.684,90.372,2108.88,82.584,51.108,14.005440103827935,1.924417662777183
347,S5,symptom_based_TTI,0.4,0.833084557854712,4.308716707021792,557.1360000000001,77.46,90.252,2317.752,85.416,51.636,14.72475302549167,2.5401786995965328
348,S5,symptom_based_TTI,0.5,0.8380405978278826,4.113151658767772,469.368,65.616,89.80799999999999,2137.128,83.316,46.428000000000004,17.584301454112435,2.3283481962859818
349,S5,symptom_based_TTI,0.5,0.8188647972027074,4.239495798319328,525.612,74.64,89.316,2116.1279999999997,84.756,50.736000000000004,15.848724134250979,1.8005308400725022
350,S5,symptom_based_TTI,0.6,0.9123437544586227,4.571259609698403,539.1479999999999,71.988,90.0,2211.072,92.76,53.495999999999995,18.508356713279397,2.242363821246225
351,S5,symptom_based_TTI,0.6,0.8069167067120239,4.28750747160789,513.576,70.58399999999999,89.47200000000001,2085.024,86.07600000000001,50.088,17.89337881035231,1.8949613856970935
352,S5,symptom_based_TTI,0.7,0.9830317263290045,4.531403940886699,497.196,73.056,90.252,2011.4160000000002,88.30799999999999,46.632,20.526370279571104,1.9923074377292624
353,S5,symptom_based_TTI,0.7,1.0423555837455643,4.774018126888217,489.984,75.432,90.084,2063.8559999999998,94.812,51.996,20.04932056207809,2.065497544735
354,S5,symptom_based_TTI,0.8,1.1332537991516398,4.87492762015055,530.088,72.03599999999999,90.036,2173.92,101.02799999999999,52.056000000000004,23.215357137614028,2.27109112876739
355,S5,symptom_based_TTI,0.8,1.1233205647231996,4.809218203033839,496.428,76.932,89.208,2150.4480000000003,98.916,50.904,22.456078064795214,2.451464559978026
356,S5,symptom_based_TTI,0.9,1.1809672969718958,5.056466302367942,509.82,67.62,90.21600000000001,2207.9759999999997,99.93599999999999,48.9,24.938815651739215,2.7565466909082343
357,S5,symptom_based_TTI,0.9,1.2238430134102094,4.854265402843602,492.396,69.19200000000001,89.292,2005.128,98.328,48.036,23.823719772139913,1.6781161482228808
358,S5,symptom_based_TTI,1.0,1.3291968383133437,5.398165137614679,509.448,71.136,90.05999999999999,2089.9919999999997,105.912,50.94,26.81525678301535,2.077901249276861
359,S5,symptom_based_TTI,1.0,1.3115358724117663,5.128361858190709,521.976,78.612,90.0,2045.4,100.67999999999999,47.004,25.78664066833477,2.1412870844774443
360,S5,test_based_TTI,0.1,0.4630449164461253,3.6157151626764885,50.532,7.5600000000000005,89.676,1448.784,70.67999999999999,51.648,8.182520939525537,1.7978770337856105
361,S5,test_based_TTI,0.1,0.5284480580269352,3.703594578668238,60.19200000000001,8.424,89.79599999999999,1540.896,75.41999999999999,53.688,9.015789960459134,1.9548937858803637
362,S5,test_based_TTI,0.2,0.5294289048812111,3.60622381807301,59.22,6.492,89.724,1501.44,72.312,50.904,9.046105851838064,1.7457857474839007
363,S5,test_based_TTI,0.2,0.6363830765432322,3.673406862745098,53.82,7.368,89.928,1460.5919999999999,71.94,47.544,10.230256125003143,1.7028177039742123
364,S5,test_based_TTI,0.3,0.7477621763000507,3.9369103773584904,46.272,6.4799999999999995,89.34,1335.0,80.124,52.608000000000004,10.805247835636685,1.4922963523046955
365,S5,test_based_TTI,0.3,0.6733280575800644,3.6572289156626505,49.812000000000005,7.128,89.616,1427.3999999999999,72.852,45.948,11.949477565592474,1.5418275274126583
366,S5,test_based_TTI,0.4,0.7999624718647533,4.281155930162552,52.728,6.696000000000001,89.11200000000001,1405.632,85.332,53.568000000000005,14.071018834489003,1.7481291763027327
367,S5,test_based_TTI,0.4,0.7613093772302567,4.181199752628324,53.292,8.844,90.264,1427.856,81.132,50.22,14.50443110034697,1.6351217438771442
368,S5,test_based_TTI,0.5,0.9315462887219872,4.24384236453202,46.296,5.94,89.184,1303.992,82.70400000000001,48.192,14.854838941580669,1.5031869838052483
369,S5,test_based_TTI,0.5,0.8624896692730163,4.174452986398581,50.376,8.472,89.532,1390.056,84.708,49.236,16.270033394536842,1.7003262365751184
370,S5,test_based_TTI,0.6,0.9223674301678666,4.409941520467836,55.296,9.168,89.508,1436.904,90.492,51.456,18.352568200103942,1.7564521328514462
371,S5,test_based_TTI,0.6,0.9924830600935527,4.171411969785009,57.708,7.5600000000000005,88.488,1418.3760000000002,86.148,46.416,17.279871206833214,1.955368636114754
372,S5,test_based_TTI,0.7,0.9904867852027288,4.670384138785626,49.092,5.8919999999999995,90.456,1304.856,90.456,50.268,19.639755752818694,1.3644961913748623
373,S5,test_based_TTI,0.7,1.0128370003357468,4.60438222763238,56.268,9.768,89.064,1373.5439999999999,90.78,49.8,19.323613104304666,1.6872925970757562
374,S5,test_based_TTI,0.8,1.1624418461500683,4.9167686658506735,49.464,6.792,88.92,1319.88,96.408,49.956,21.98267358740353,1.6761666932859358
375,S5,test_based_TTI,0.8,1.16757940278263,4.782553729456384,55.896,9.588,90.132,1389.336,90.792,46.368,20.643666902056026,1.615005715518525
376,S5,test_based_TTI,0.9,1.2386260643598745,4.9947058823529416,51.456,6.588,89.32799999999999,1331.9279999999999,101.892,49.572,25.505979175687457,1.546049111371099
377,S5,test_based_TTI,0.9,1.229430541409398,5.169675090252707,66.10799999999999,7.62,89.232,1487.712,103.104,52.236000000000004,24.619551967825714,1.7286853143052687
378,S5,test_based_TTI,1.0,1.3184960868304478,5.357831325301205,56.867999999999995,9.96,90.372,1397.4240000000002,106.728,50.856,27.629916111706812,1.9776418386306847
379,S5,test_based_TTI,1.0,1.3422558540251133,5.186262376237623,54.756,9.072,89.7,1343.232,100.57199999999999,47.940000000000005,24.896098396261685,1.7068760824833138
380,S5,test_based_TTI_test_contacts,0.1,0.5069723255435249,3.656,60.072,9.12,138.38400000000001,951.96,71.292,50.831999999999994,8.715288976041947,1.8587506758593264
381,S5,test_based_TTI_test_contacts,0.1,0.5331234287425529,3.6408010012515644,53.1,7.823999999999999,131.928,954.504,69.816,49.788,8.156927581766816,1.6478975486659964
382,S5,test_based_TTI_test_contacts,0.2,0.6861925128849056,3.776440785307156,75.432,12.204,150.61200000000002,933.12,71.55600000000001,45.144,10.850718203329238,2.5593060625275763
383,S5,test_based_TTI_test_contacts,0.2,0.5887398464424478,3.7856701667696107,51.828,7.176,130.944,926.52,73.548,49.944,10.52936662401526,1.63659563930087
384,S5,test_based_TTI_test_contacts,0.3,0.697852167910543,3.8676470588235294,63.684,8.424,138.612,924.6239999999999,78.89999999999999,50.424,12.098667262181147,2.141148512443779
385,S5,test_based_TTI_test_contacts,0.3,0.6887096931388822,3.888064316635745,47.436,5.8919999999999995,126.336,882.936,75.444,48.720000000000006,11.68228092974498,1.6779961845881541
386,S5,test_based_TTI_test_contacts,0.4,0.7787684708802646,4.059027777777778,54.588,6.9719999999999995,131.74800000000002,887.928,84.168,50.844,15.217860508950048,1.957596478876798
387,S5,test_based_TTI_test_contacts,0.4,0.7276190581455696,3.902537485582468,49.452000000000005,4.9079999999999995,128.016,897.48,81.204,48.852000000000004,15.65352389086159,1.5581787472454158
388,S5,test_based_TTI_test_contacts,0.5,0.8004151698222232,4.1220893643801135,48.18,7.800000000000001,127.44000000000001,855.264,78.60000000000001,45.396,16.601331720639447,1.340351821190408
389,S5,test_based_TTI_test_contacts,0.5,0.8196091206572512,4.001180637544274,53.52,7.332,131.664,872.52,81.336,48.6,14.37320043703282,1.701785358246589
390,S5,test_based_TTI_test_contacts,0.6,1.0114566797697897,4.571852731591449,65.676,13.368,141.6,884.04,92.388,49.596000000000004,20.23599623844313,2.11648717676897
391,S5,test_based_TTI_test_contacts,0.6,1.0492716622982379,4.403169014084507,58.704,6.204000000000001,135.924,887.664,90.036,46.836,19.81880797066414,1.9256850786615152
392,S5,test_based_TTI_test_contacts,0.7,1.0177219198537257,4.69790454016298,48.288,6.0840000000000005,127.512,848.016,96.852,54.432,19.660797693067146,1.777847207228461
393,S5,test_based_TTI_test_contacts,0.7,1.0128996996145168,4.575139146567718,46.656,6.18,126.44400000000002,814.296,88.776,49.224000000000004,18.586791453080586,1.3109027755993379
394,S5,test_based_TTI_test_contacts,0.8,1.1519463648480872,4.923123856009762,50.22,8.088000000000001,129.144,852.768,96.82799999999999,49.104,23.289166047371037,1.7783528487967946
395,S5,test_based_TTI_test_contacts,0.8,1.1110197932777373,4.739783653846154,60.744,11.184000000000001,138.012,842.1360000000001,94.64399999999999,47.424,23.091575739923663,1.9435810279064887
396,S5,test_based_TTI_test_contacts,0.9,1.2291352747885351,4.911695906432748,46.152,6.84,126.11999999999999,805.176,100.788,49.8,24.496964927560345,1.2691792337789272
397,S5,test_based_TTI_test_contacts,0.9,1.1781935673624457,5.175492610837439,58.26,11.76,136.944,836.304,100.86,51.672,24.4463440720724,1.7810196871682649
398,S5,test_based_TTI_test_contacts,1.0,1.327667621256658,5.361059765865681,49.476,5.712000000000001,128.436,783.696,104.41199999999999,51.888,25.328094779648335,1.3382506287569782
399,S5,test_based_TTI_test_contacts,1.0,1.2451868974025013,5.3110720562390155,51.9,5.688,130.248,810.8879999999999,108.792,52.26,29.34599505177111,1.6795965418360603
