,strategy,gov_policy,max_contacts,effective_r,base_r,manual_traces,app_traces,test_needed,persondays_quarantined,secondary_infections,secondary_infections_social,secondary_infections_isolating,secondary_infections_contact
0,S1,no_TTI,2,1.765472942963333,3.712883435582822,0.0,0.0,0.0,799.752,72.624,14.004,24.087349235637188,1.3322676295501879e-18
1,S1,no_TTI,2,1.7936102034726034,3.822674418604651,0.0,0.0,0.0,833.2560000000001,78.89999999999999,16.788,25.09188540032546,-3.996802888650563e-18
2,S1,no_TTI,4,1.9188517345000622,3.6954682779456194,0.0,0.0,0.0,806.6400000000001,73.39200000000001,9.888,25.39560455282875,2.6645352591003756e-17
3,S1,no_TTI,4,1.8741822166922473,3.845873786407767,0.0,0.0,0.0,826.8,76.056,11.052,27.9401724826941,2.7977620220553945e-17
4,S1,no_TTI,6,1.9590153074291834,3.7825825825825827,0.0,0.0,0.0,823.5360000000001,75.57600000000001,8.076,28.358874157564916,-1.199040866595169e-17
5,S1,no_TTI,6,2.0450999340838774,3.8605095541401275,0.0,0.0,0.0,812.304,72.732,6.828,27.37431724185974,3.597122599785507e-17
6,S1,no_TTI,8,2.1247206948792554,3.832438878950507,0.0,0.0,0.0,840.024,77.12400000000001,6.216,28.15012073624986,-1.7319479184152442e-17
7,S1,no_TTI,8,2.256762467215018,3.870731707317073,0.0,0.0,0.0,829.056,76.176,5.448,26.314914645208432,-2.2648549702353192e-17
8,S1,no_TTI,10,2.1180816809451173,3.776589423648247,0.0,0.0,0.0,806.6400000000001,76.272,4.836,28.659222371632406,1.199040866595169e-17
9,S1,no_TTI,10,2.1582993103652885,3.892233594220349,0.0,0.0,0.0,813.264,77.58,4.716,29.84477814579906,-3.064215547965432e-17
10,S1,no_TTI,12,2.3748754551817477,3.998182919442762,0.0,0.0,0.0,819.648,79.212,2.532,29.628967481939192,6.661338147750939e-18
11,S1,no_TTI,12,2.193761773668692,3.866014951121334,0.0,0.0,0.0,841.752,80.676,4.319999999999999,30.57657930708171,2.2648549702353192e-17
12,S1,no_TTI,14,2.2799852994413174,3.8593844296922146,0.0,0.0,0.0,820.4399999999999,76.74,3.48,27.924772305908824,-1.199040866595169e-17
13,S1,no_TTI,14,2.204394817424487,3.865751789976134,0.0,0.0,0.0,844.536,77.748,2.5799999999999996,30.833211431958723,-3.730349362740526e-17
14,S1,no_TTI,16,2.2129434122836322,3.7471743010113028,0.0,0.0,0.0,839.376,75.58800000000001,2.3160000000000003,28.632505487414534,1.3322676295501878e-17
15,S1,no_TTI,16,2.2783883550705077,3.871024734982332,0.0,0.0,0.0,837.408,78.876,2.076,30.37555887708331,-3.9968028886505634e-17
16,S1,no_TTI,18,2.189975956297294,3.6682436428149026,0.0,0.0,0.0,828.6,74.43599999999999,2.1599999999999997,27.837007894815308,4.39648317751562e-17
17,S1,no_TTI,18,2.227182742710308,3.903300521134916,0.0,0.0,0.0,854.136,80.89200000000001,1.272,33.463864840071565,2.6645352591003758e-18
18,S1,no_TTI,20,2.475035128763843,3.9748157248157248,0.0,0.0,0.0,832.344,77.652,0.8999999999999999,28.399713724469546,7.993605777301126e-18
19,S1,no_TTI,20,2.3296090930106037,4.026722090261282,0.0,0.0,0.0,857.16,81.372,1.608,32.687259448441715,2.6645352591003756e-17
20,S1,symptom_based_TTI,2,1.4905525640702766,3.7891392258809935,1436.6640000000002,223.716,88.572,4756.896,78.708,15.924000000000001,25.884867069082368,5.937375070049843
21,S1,symptom_based_TTI,2,1.4854746800772516,3.950337216431637,1424.0159999999998,232.248,90.53999999999999,4713.432,77.316,17.099999999999998,24.784932781753888,6.357356779774119
22,S1,symptom_based_TTI,4,1.7317785673237451,4.075757575757576,1607.6879999999999,256.848,90.12,5105.639999999999,80.7,11.772,27.920135756363372,6.718648610626476
23,S1,symptom_based_TTI,4,1.7044270590363126,3.9188690842040566,1597.2720000000002,270.91200000000003,89.652,5096.304,76.512,9.744,27.401952593766065,6.088813505608949
24,S1,symptom_based_TTI,6,1.7125256983752803,3.742857142857143,1591.02,264.3,87.972,5082.408,75.456,8.232,25.880255791350553,6.819226129403775
25,S1,symptom_based_TTI,6,1.7923174003020088,3.889216263995286,1685.808,278.844,90.15599999999999,5401.008,79.2,8.244,27.277611723840508,7.179636736409335
26,S1,symptom_based_TTI,8,1.6968194999395714,3.8989394884591393,1683.18,290.304,89.868,5363.9039999999995,75.0,4.824,30.582862296749614,6.953117802412779
27,S1,symptom_based_TTI,8,1.837971029744395,3.86099706744868,1624.3319999999999,267.06,89.064,5275.3679999999995,78.996,5.22,28.594043841384746,7.577068890044909
28,S1,symptom_based_TTI,10,1.7738681006785064,3.68569746909947,1646.952,284.448,89.616,5373.744,75.14399999999999,3.684,28.814764816618474,6.479612346748103
29,S1,symptom_based_TTI,10,1.7845542964988645,3.763030303030303,1681.656,290.64000000000004,89.928,5328.984,74.508,3.648,28.831458960964934,6.694365968357526
30,S1,symptom_based_TTI,12,1.7658275004599004,3.735981308411215,1633.308,288.072,89.16,5313.504000000001,76.752,2.652,30.798213131158867,7.02462669939293
31,S1,symptom_based_TTI,12,1.8583318826207884,3.986935866983373,1685.34,288.99600000000004,89.676,5571.576,80.568,4.092,30.977682121798576,7.945147194200487
32,S1,symptom_based_TTI,14,1.9079311195585746,3.9172126265634306,1743.6480000000001,301.116,89.556,5811.624,78.92399999999999,1.692,30.19859231192467,8.59241149120913
33,S1,symptom_based_TTI,14,1.9296341058908828,4.0118232731798384,1748.076,298.332,90.3,5511.792,77.364,2.592,30.46115516503443,7.0997807369657995
34,S1,symptom_based_TTI,16,1.9673657052105595,3.970798569725864,1724.556,292.908,89.196,5780.472,79.956,1.5,30.397982286029958,8.443141873850177
35,S1,symptom_based_TTI,16,2.0215609515253217,3.924910607866508,1752.324,295.452,89.84400000000001,5487.792,79.032,1.476,29.37042503446401,7.4794236456220915
36,S1,symptom_based_TTI,18,1.8579786293197809,3.984520123839009,1786.3799999999999,317.21999999999997,90.41999999999999,5696.256,77.22,2.124,31.867679595228232,7.220694568554397
37,S1,symptom_based_TTI,18,1.8424648549025957,3.8171620863712845,1742.2440000000001,299.724,89.85600000000001,5759.759999999999,81.672,2.04,31.971515565384234,8.239106399119809
38,S1,symptom_based_TTI,20,2.0313105954412,3.862477771191464,1714.9679999999998,314.412,88.548,5477.52,78.192,0.768,28.17760670984218,8.124541596046123
39,S1,symptom_based_TTI,20,1.9416199161144916,3.787425149700599,1781.076,303.55199999999996,89.03999999999999,5699.472000000001,75.89999999999999,1.332,28.157114082570615,7.500822798494924
40,S1,test_based_TTI,2,1.6209211819228175,3.843525179856115,160.176,25.68,89.604,2693.52,76.932,15.024000000000001,24.140765304059833,5.322876318573034
41,S1,test_based_TTI,2,1.6132752140445865,3.986666666666667,152.79600000000002,23.412,90.17999999999999,2595.816,78.936,18.228,23.76924732885391,4.995903433063218
42,S1,test_based_TTI,4,1.8813599182463827,3.991822429906542,161.268,24.479999999999997,89.544,2702.856,82.008,11.112,27.11729831864634,5.1280435208999355
43,S1,test_based_TTI,4,1.6542164603336338,3.8773474178403755,164.772,28.080000000000002,89.48400000000001,2756.112,79.28399999999999,12.648,27.14606320618981,5.664518612907989
44,S1,test_based_TTI,6,1.7802677301146779,3.618847539015606,166.632,25.355999999999998,89.136,2761.248,72.348,5.496,25.806994467570778,5.453893071976559
45,S1,test_based_TTI,6,1.7545571473524988,3.7281437125748504,162.972,26.1,90.108,2730.0719999999997,74.712,7.644000000000001,26.97101190911021,4.935662857945682
46,S1,test_based_TTI,8,1.8569940945765944,3.9686935580975318,165.768,29.148,89.78399999999999,2763.576,79.104,5.244000000000001,31.29304327292988,5.55335043396941
47,S1,test_based_TTI,8,1.8953793333897737,3.912759643916914,192.036,32.135999999999996,89.48400000000001,3093.936,79.116,4.728,29.811882963758464,6.2515469151002545
48,S1,test_based_TTI,10,1.8841278273128705,3.8307600950118763,173.364,25.668,88.152,2840.1839999999997,77.412,5.088,28.625103563894548,5.624441301766932
49,S1,test_based_TTI,10,1.8709878121558423,3.9433734939759035,163.716,28.092,89.172,2757.456,78.55199999999999,4.4399999999999995,31.117241737410886,5.724681044444695
50,S1,test_based_TTI,12,2.101273738433413,3.871386430678466,191.076,27.683999999999997,89.196,3050.64,78.744,3.948,26.373260442086085,5.682831718178199
51,S1,test_based_TTI,12,2.0856893463294175,4.261659600242277,203.904,31.752,89.49600000000001,3233.8559999999998,84.432,4.08,32.258509672276176,6.771812998245325
52,S1,test_based_TTI,14,1.9101041705426252,3.9804878048780488,189.636,31.428000000000004,89.664,3059.256,78.33600000000001,2.424,32.92184815265065,5.399301771070432
53,S1,test_based_TTI,14,1.9716316630129755,3.672582619339045,169.644,30.624,90.132,2802.48,72.012,2.34,25.576482857791063,5.4357634938504935
54,S1,test_based_TTI,16,1.8693490548045444,3.7469099470276634,187.656,30.78,89.568,3013.1040000000003,76.39200000000001,2.3280000000000003,30.033345890255422,5.918365580389483
55,S1,test_based_TTI,16,1.9748280282805473,3.8340530536705737,177.456,25.812,89.916,2872.824,74.58000000000001,1.824,28.555121761057617,5.786523432829121
56,S1,test_based_TTI,18,1.9121852242457262,3.952153110047847,200.076,32.916,89.304,3203.592,79.296,1.4040000000000001,32.65511243233996,6.8708032283936955
57,S1,test_based_TTI,18,1.9120168811525247,4.008891523414345,189.78,37.008,90.624,3088.704,81.156,2.004,33.51987202436571,6.9252582335825155
58,S1,test_based_TTI,20,2.037511561361684,3.985637342908438,196.38,34.704,89.976,3133.92,79.92,1.032,31.261499117489187,6.770319054086238
59,S1,test_based_TTI,20,2.0140252599074953,3.932630345635618,187.416,32.327999999999996,89.376,3032.208,80.556,2.52,30.81528104543915,5.965425530615678
60,S1,test_based_TTI_test_contacts,2,1.589611575943157,3.795820895522388,143.868,18.215999999999998,204.108,1067.256,76.296,15.096,25.13406568203144,4.114741641511068
61,S1,test_based_TTI_test_contacts,2,1.532217797082511,3.8393077873918418,160.68,26.604,218.916,1092.168,74.544,17.568,22.616587983336455,4.60987126850949
62,S1,test_based_TTI_test_contacts,4,1.7210875148749407,3.8340666247642994,156.312,24.54,216.408,1060.1039999999998,73.2,10.452,24.88491305263827,5.004084113369351
63,S1,test_based_TTI_test_contacts,4,1.6450650252161243,3.843675417661098,162.06,25.068,220.332,1096.536,77.304,10.956000000000001,28.06723012814949,5.195222084703789
64,S1,test_based_TTI_test_contacts,6,1.841630981781148,3.967116852613036,184.99200000000002,27.336,237.50400000000002,1125.288,81.072,8.196,29.125796881338808,6.114632374981602
65,S1,test_based_TTI_test_contacts,6,1.847058248468298,4.038370720188902,184.728,31.115999999999996,238.32,1142.136,82.092,8.568000000000001,29.814794271041364,6.162205654095036
66,S1,test_based_TTI_test_contacts,8,1.9060740516104817,4.040121580547113,186.948,25.152,239.112,1125.6000000000001,79.752,5.496,30.54411862913512,6.085979592073955
67,S1,test_based_TTI_test_contacts,8,1.7808916687905667,3.726051401869159,152.736,24.108,212.424,1076.088,76.548,6.912,28.123187466397876,4.926174089968665
68,S1,test_based_TTI_test_contacts,10,1.702602430889189,3.7354368932038833,166.79999999999998,32.424,226.116,1131.984,73.872,4.956,29.8107756982322,5.434558628503159
69,S1,test_based_TTI_test_contacts,10,1.8993499878057878,3.763157894736842,174.636,29.748,231.14399999999998,1105.296,73.788,4.86,26.28959511994006,5.395950319163994
70,S1,test_based_TTI_test_contacts,12,1.9604928893073301,3.8596176821983272,168.504,27.42,225.012,1097.184,77.532,2.4480000000000004,30.119379656278124,5.582239183316169
71,S1,test_based_TTI_test_contacts,12,1.9914781645744601,3.925748502994012,179.916,27.983999999999998,234.816,1128.192,78.672,2.82,30.32631842953563,5.616459152392181
72,S1,test_based_TTI_test_contacts,14,1.9733958764295731,3.948195576251455,183.576,29.4,237.52800000000002,1136.256,81.396,2.052,32.46769262111536,6.192777990412486
73,S1,test_based_TTI_test_contacts,14,1.9305318125876905,3.8145409735058533,174.096,23.712,230.952,1103.76,74.292,2.736,28.322036402722468,5.634926015319622
74,S1,test_based_TTI_test_contacts,16,2.1127406277724274,4.181600955794504,188.33999999999997,31.728,240.97200000000004,1144.9679999999998,84.0,2.664,32.18610201421697,6.709164255090429
75,S1,test_based_TTI_test_contacts,16,2.160376942246929,4.151629072681704,166.968,33.336,226.704,1091.256,79.512,3.576,28.435765676087982,6.124695125998746
76,S1,test_based_TTI_test_contacts,18,2.0658259235667513,3.9433849821215734,178.608,32.664,234.204,1134.9360000000001,79.404,3.036,28.634025884046387,6.13650331901345
77,S1,test_based_TTI_test_contacts,18,1.922860264003799,3.796772265391512,169.98000000000002,31.584,228.55200000000002,1118.088,76.224,2.544,29.281745301541907,5.79491203831777
78,S1,test_based_TTI_test_contacts,20,1.9030313023493284,3.8330373001776197,192.876,29.22,244.55999999999997,1131.816,77.688,1.296,31.78598963667262,6.03537192731115
79,S1,test_based_TTI_test_contacts,20,2.027879946439931,3.970798569725864,206.148,35.436,257.784,1171.2,79.956,1.884,30.74280643966715,6.495802958818332
80,S2,no_TTI,2,1.6443783576570148,3.992082825822168,0.0,0.0,0.0,813.048,78.66,23.832,22.427168840726157,5.195843755245732e-17
81,S2,no_TTI,2,1.5699230976085095,3.965476887068461,0.0,0.0,0.0,823.344,81.324,26.171999999999997,22.956017114244688,-1.0658141036401503e-17
82,S2,no_TTI,4,1.7055794185199284,3.7968843618933494,0.0,0.0,0.0,825.336,76.04400000000001,18.072000000000003,23.812655405882854,3.064215547965432e-17
83,S2,no_TTI,4,1.7495308911762202,4.029020556227327,0.0,0.0,0.0,802.0079999999999,79.968,20.843999999999998,24.399310871934368,-2.2648549702353192e-17
84,S2,no_TTI,6,1.7408697902757653,3.754364840457556,0.0,0.0,0.0,821.304,74.83200000000001,16.692,23.44098334022343,2.1316282072803006e-17
85,S2,no_TTI,6,1.7935018859197196,3.847323600973236,0.0,0.0,0.0,807.36,75.89999999999999,15.936,24.58179479457576,1.3322676295501879e-18
86,S2,no_TTI,8,1.9132967149071476,3.807715491259795,0.0,0.0,0.0,808.392,75.804,15.816,21.89808899962849,-9.325873406851316e-18
87,S2,no_TTI,8,1.9463888774604785,3.826596367896895,0.0,0.0,0.0,813.0,78.384,13.872,24.64217023409954,0.0
88,S2,no_TTI,10,1.9003204327666354,3.8673349056603774,0.0,0.0,0.0,831.48,78.708,12.516,27.516678552333424,-2.6645352591003756e-17
89,S2,no_TTI,10,1.9877388016357584,4.185051235684147,0.0,0.0,0.0,826.056,83.316,15.131999999999998,28.612095937035328,-1.4654943925052067e-17
90,S2,no_TTI,12,1.9553351408034882,4.1197141155449675,0.0,0.0,0.0,815.88,83.00399999999999,15.972,27.6359075830913,-3.996802888650563e-18
91,S2,no_TTI,12,1.8166016619817607,3.8673708920187795,0.0,0.0,0.0,825.312,79.08,13.356,28.578129215796945,2.9309887850104134e-17
92,S2,no_TTI,14,1.9229710223386092,3.8351001177856303,0.0,0.0,0.0,817.3679999999999,78.144,13.751999999999999,25.209542448828483,-1.5987211554602253e-17
93,S2,no_TTI,14,1.9858378833910029,3.8991696322657177,0.0,0.0,0.0,852.144,78.888,11.28,27.430527943233226,2.531308496145357e-17
94,S2,no_TTI,16,2.123104939754923,3.9376947040498442,0.0,0.0,0.0,798.48,75.84,12.180000000000001,22.76899886032019,-3.3306690738754695e-17
95,S2,no_TTI,16,1.9487514979306106,3.921208530805687,0.0,0.0,0.0,829.5120000000001,79.42800000000001,12.084,27.870089657917536,3.3306690738754695e-17
96,S2,no_TTI,18,1.984434050620288,3.9588059701492537,0.0,0.0,0.0,829.7040000000001,79.572,12.204,27.48087558253219,1.3322676295501879e-18
97,S2,no_TTI,18,1.8631736580031801,3.6191602602010646,0.0,0.0,0.0,814.3199999999999,73.44,10.812,24.82048013179946,2.6645352591003756e-17
98,S2,no_TTI,20,2.1054008300074294,4.024749558043607,0.0,0.0,0.0,831.768,81.96000000000001,10.236,28.849617497728687,-3.064215547965432e-17
99,S2,no_TTI,20,2.1528960309750302,4.0691711389385805,0.0,0.0,0.0,818.232,81.888,10.824,27.739120272658475,3.4638958368304884e-17
100,S2,symptom_based_TTI,2,1.265425136406952,3.6442953020134228,1233.864,207.132,89.556,4102.896000000001,71.676,22.991999999999997,18.6187589453588,5.176859471789273
101,S2,symptom_based_TTI,2,1.2463532215854891,3.735981308411215,1216.884,190.56,89.16,4121.808,76.752,24.528,21.582213131158852,5.036706284588861
102,S2,symptom_based_TTI,4,1.483139655830711,3.8704856787048567,1410.7559999999999,219.768,89.628,4634.352,74.592,18.324,21.442626947368996,6.24230560546155
103,S2,symptom_based_TTI,4,1.3823473488930993,3.8318318318318316,1378.8600000000001,213.756,89.616,4495.344,76.56,19.776,23.494801434010366,5.669898535105502
104,S2,symptom_based_TTI,6,1.3489233444508073,3.715239829993928,1477.452,242.61599999999999,89.11200000000001,4841.664,73.428,14.844000000000001,25.282325166989974,6.641553853284278
105,S2,symptom_based_TTI,6,1.3649523392254976,3.9779735682819384,1509.66,212.7,90.924,4984.344,75.852,17.232,25.732536895480074,6.860551900168129
106,S2,symptom_based_TTI,8,1.5530840704003956,3.8788584740827026,1549.932,235.212,89.184,5069.256,79.92,16.716,24.055845989136465,7.148409824333744
107,S2,symptom_based_TTI,8,1.4686629762045937,3.905289052890529,1584.432,245.1,90.58800000000001,5055.84,76.2,15.792,25.21289285122237,6.538555157073588
108,S2,symptom_based_TTI,10,1.4551344318799495,3.6284848484848484,1531.728,250.99200000000002,89.78399999999999,5096.063999999999,71.844,11.495999999999999,24.293701468217776,7.242636780559232
109,S2,symptom_based_TTI,10,1.7400216997359734,4.085008615738081,1556.268,246.33599999999998,88.128,5176.968,85.34400000000001,16.608,25.16989591870271,7.21357073041332
110,S2,symptom_based_TTI,12,1.6712909964039577,3.867084997147747,1614.144,233.928,89.556,5305.32,81.348,11.748,26.77701907178041,7.665703527865889
111,S2,symptom_based_TTI,12,1.5597164807955795,3.854345165238678,1593.048,251.14800000000002,89.604,5037.336,75.57600000000001,13.908000000000001,24.13104995850184,6.95402928605843
112,S2,symptom_based_TTI,14,1.6848036493578726,3.938278931750742,1667.256,262.28400000000005,89.592,5309.256,79.63199999999999,12.336,26.10149459897497,7.127775611008839
113,S2,symptom_based_TTI,14,1.486037532526608,3.7370347773032337,1657.26,255.18,89.748,5134.896,73.5,10.944,27.181778030403706,6.146835779862981
114,S2,symptom_based_TTI,16,1.6462427309052707,3.879652605459057,1628.82,249.468,90.12,5260.296,75.048,9.12,26.673971296738497,7.409109316629941
115,S2,symptom_based_TTI,16,1.645729347444302,3.8846380223660977,1613.616,226.104,89.508,5274.504,79.2,11.88,26.38008192017998,7.386788144125598
116,S2,symptom_based_TTI,18,1.5759077850266128,3.8125734430082256,1641.408,264.9,89.43599999999999,5368.343999999999,77.86800000000001,9.912,28.38533850101271,7.38432089760373
117,S2,symptom_based_TTI,18,1.6670584735084746,3.9940369707811567,1649.676,253.21200000000002,89.928,5411.784,80.37599999999999,10.956000000000001,28.056590312900337,7.8155249662151025
118,S2,symptom_based_TTI,20,1.7013201646255935,4.1048060220034746,1762.5359999999998,270.684,89.80799999999999,5689.6320000000005,85.068,10.704,30.99964330503623,8.106197603262947
119,S2,symptom_based_TTI,20,1.7474959007258806,4.061371841155235,1724.46,259.164,89.77199999999999,5790.432,81.0,8.508000000000001,29.536004601061308,8.103937154861699
120,S2,test_based_TTI,2,1.4034423736763897,3.992476489028213,125.46000000000001,18.54,89.12400000000001,2247.552,76.416,25.032,20.217884139155522,4.30422882867839
121,S2,test_based_TTI,2,1.3439927733254504,3.7718880285884455,141.35999999999999,17.832,89.34,2462.688,75.996,22.2,22.32431434333557,4.3929192597032385
122,S2,test_based_TTI,4,1.4326666736650087,3.7143719806763285,153.25199999999998,21.516,89.256,2574.7920000000004,73.812,18.144,22.541360614837245,4.656687246091691
123,S2,test_based_TTI,4,1.5500117434453304,4.007421150278293,148.18800000000002,23.832,89.85600000000001,2542.44,77.76,17.592000000000002,25.232158871444504,4.859413258742239
124,S2,test_based_TTI,6,1.5580620891530703,3.9227082085080887,160.26,25.296,89.52,2665.584,78.564,16.979999999999997,25.45840966163743,4.9207228168048465
125,S2,test_based_TTI,6,1.6092169813872914,3.8687921520539548,166.416,24.672,89.78399999999999,2760.0,75.72,14.844000000000001,23.99943248367603,5.380972756611867
126,S2,test_based_TTI,8,1.602604762626928,3.856294536817102,176.088,24.204,88.92,2834.496,77.928,15.191999999999998,24.652370187278517,5.698192769556479
127,S2,test_based_TTI,8,1.5724926296701025,3.8521584861028977,177.456,26.244,89.532,2878.1040000000003,78.16799999999999,13.44,27.27255150065499,5.5464280580792655
128,S2,test_based_TTI,10,1.636537153477288,3.983920841063698,170.388,22.752,90.048,2780.664,77.304,14.52,25.698552351134676,5.330080722792003
129,S2,test_based_TTI,10,1.5669298762463022,4.018289085545723,179.244,26.976,89.41199999999999,2908.2479999999996,81.732,17.316000000000003,26.79217750444749,5.752468812702712
130,S2,test_based_TTI,12,1.6835622779956925,3.794487717195926,174.024,28.812,89.676,2838.192,75.996,11.052,25.52082614942347,5.704788546878731
131,S2,test_based_TTI,12,1.7480667217472592,4.100830367734282,175.692,23.472,89.28,2822.592,82.968,13.751999999999999,28.490086248768183,5.359027836841234
132,S2,test_based_TTI,14,1.7384979913031782,3.9877450980392157,165.6,34.488,90.57600000000001,2761.344,78.096,12.816,25.821137216712213,5.412118121606303
133,S2,test_based_TTI,14,1.7592928396649499,4.013915243516761,163.87199999999999,25.355999999999998,90.16799999999999,2703.2160000000003,76.152,10.836,26.418280513264357,5.520415732612186
134,S2,test_based_TTI,16,1.6988333536713862,3.9382334774552192,184.092,31.128000000000004,90.6,2979.408,76.512,10.224,27.370651271469008,5.912414333403271
135,S2,test_based_TTI,16,1.7700454253872357,4.0091795754446355,216.792,40.272,90.024,3354.072,83.856,10.308,29.827255513449103,6.698474369151443
136,S2,test_based_TTI,18,1.7702078233104248,3.9072769953051645,180.63600000000002,27.192,89.41199999999999,2900.544,79.89599999999999,10.248000000000001,27.645564483649544,5.805225945298844
137,S2,test_based_TTI,18,1.638383691452057,4.06294964028777,184.476,33.36,89.568,2981.304,81.324,10.536,32.032740509344436,5.9613715225511585
138,S2,test_based_TTI,20,1.7083759816654192,4.061127596439169,180.528,30.131999999999998,89.22,2892.7200000000003,82.116,10.704,30.994052777815902,5.874584872909291
139,S2,test_based_TTI,20,1.7648545917816467,3.949822904368359,179.424,23.28,89.47200000000001,2883.0,80.292,10.764,27.681890231573092,5.970145626689572
140,S2,test_based_TTI_test_contacts,2,1.2822143700729172,3.8797289666854886,161.724,24.468,218.55599999999998,1106.328,82.452,25.439999999999998,24.56693717450331,5.195443032707086
141,S2,test_based_TTI_test_contacts,2,1.359407503844154,3.7677811550151974,123.60000000000001,18.012,187.02,1005.912,74.376,23.688,20.049060832173474,3.804235041942933
142,S2,test_based_TTI_test_contacts,4,1.4415893334401524,3.7992788461538463,156.408,27.276,214.92,1080.768,75.864,18.996,23.17077364664412,4.911570543222902
143,S2,test_based_TTI_test_contacts,4,1.3964208052884284,3.8773923444976077,138.56400000000002,23.448,200.34,1044.288,77.79599999999999,20.148,24.91440881735965,4.71580414533329
144,S2,test_based_TTI_test_contacts,6,1.639898957773928,3.9441340782122905,168.732,30.588,223.752,1086.144,76.24799999999999,14.411999999999999,24.789207013349287,5.34426633496512
145,S2,test_based_TTI_test_contacts,6,1.5371589474286567,3.7539332913782255,135.576,21.204,197.424,1031.4479999999999,71.58,14.472,23.85670176126031,3.940751429170057
146,S2,test_based_TTI_test_contacts,8,1.573395065503947,3.92018779342723,166.33200000000002,25.308,223.164,1119.9119999999998,80.16000000000001,15.864,26.999036945616133,5.124180754959139
147,S2,test_based_TTI_test_contacts,8,1.6348661501611252,3.9064615384615387,159.28799999999998,19.560000000000002,216.192,1090.776,76.176,14.316,25.133645775781087,4.846464296076938
148,S2,test_based_TTI_test_contacts,10,1.5729821153745027,3.9575971731448765,181.392,28.452,234.708,1161.312,80.64,14.856,27.4484621709175,6.2844542462116015
149,S2,test_based_TTI_test_contacts,10,1.64038524608038,3.97640306122449,166.12800000000001,26.424,222.37199999999999,1084.2720000000002,74.82000000000001,13.116,25.521945966153407,5.316565243598167
150,S2,test_based_TTI_test_contacts,12,1.7133932762803121,3.8890865954922895,172.82399999999998,28.548000000000002,228.56400000000002,1102.5600000000002,78.684,10.86,27.816097252603104,5.3425299816935965
151,S2,test_based_TTI_test_contacts,12,1.6941462722546299,4.062462098241358,180.588,30.263999999999996,233.892,1124.712,80.388,12.491999999999999,28.54839986342792,5.823833701197458
152,S2,test_based_TTI_test_contacts,14,1.614080343005353,3.8179640718562875,182.28,28.944,235.152,1149.336,76.512,11.315999999999999,27.450070644869985,5.399759281302714
153,S2,test_based_TTI_test_contacts,14,1.605876036379333,3.821242019733024,181.536,29.472,235.5,1137.648,79.008,13.284,26.703163676500548,5.817743395320301
154,S2,test_based_TTI_test_contacts,16,1.9124234567152005,4.152667075413857,175.044,28.439999999999998,229.62,1092.84,81.276,11.124,26.571151321886006,6.150896783284016
155,S2,test_based_TTI_test_contacts,16,1.8162402759588339,4.120821114369502,178.632,25.212,230.532,1130.904,84.312,12.707999999999998,28.54814944307285,5.895574510809354
156,S2,test_based_TTI_test_contacts,18,1.7620458601960407,3.828978622327791,177.036,27.348,230.496,1138.608,77.376,10.224,25.51953843031539,6.025038826842993
157,S2,test_based_TTI_test_contacts,18,1.8315895530598885,4.030391583869083,193.176,31.944,243.25199999999998,1160.184,82.752,9.948,29.314550174761955,5.883253121812395
158,S2,test_based_TTI_test_contacts,20,1.7097574349413178,3.986026731470231,179.196,27.144000000000002,233.076,1127.28,78.732,11.604,27.60670778854325,5.750163356495818
159,S2,test_based_TTI_test_contacts,20,1.8308805789499334,3.988228369629194,180.816,25.68,234.79199999999997,1138.944,81.312,10.296,28.225451620647515,5.462555135721206
160,S3,no_TTI,2,1.3009280396919896,4.032947976878613,0.0,0.0,0.0,791.1360000000001,83.724,40.476,16.240733895994293,-1.0658141036401503e-17
161,S3,no_TTI,2,1.1363441591893355,3.8169350029815146,0.0,0.0,0.0,823.968,76.812,36.096000000000004,17.84821014047381,4.39648317751562e-17
162,S3,no_TTI,4,1.3937726748991635,3.824052132701422,0.0,0.0,0.0,821.1360000000001,77.46,29.364,19.863740697242555,2.6645352591003758e-18
163,S3,no_TTI,4,1.4345769910624337,3.8625386996904023,0.0,0.0,0.0,819.36,74.85600000000001,28.692,18.361897913210036,-1.865174681370263e-17
164,S3,no_TTI,6,1.5326943483969344,3.8991696322657177,0.0,0.0,0.0,852.144,78.888,25.656,22.222527943233224,-2.7977620220553945e-17
165,S3,no_TTI,6,1.5480366326375292,3.8711006474396705,0.0,0.0,0.0,817.8000000000001,78.92399999999999,26.64,20.72262913378603,1.5987211554602253e-17
166,S3,no_TTI,8,1.5639443295908009,3.774058577405858,0.0,0.0,0.0,806.6400000000001,75.768,23.856,20.51425363913506,-9.325873406851316e-18
167,S3,no_TTI,8,1.5001974322839495,3.828191167574108,0.0,0.0,0.0,811.7280000000001,75.936,23.784,22.394083733215563,6.661338147750939e-18
168,S3,no_TTI,10,1.5965835443513248,3.8539458186101294,0.0,0.0,0.0,869.376,78.52799999999999,24.240000000000002,21.756013700297384,-6.661338147750939e-18
169,S3,no_TTI,10,1.5171713107486606,3.662023016353725,0.0,0.0,0.0,812.0400000000001,72.552,19.68,22.81380199144752,-1.199040866595169e-17
170,S3,no_TTI,12,1.5824098943548008,3.718458669981355,0.0,0.0,0.0,808.728,71.796,20.292,20.950829759797497,1.865174681370263e-17
171,S3,no_TTI,12,1.5912608916842101,4.000587889476779,0.0,0.0,0.0,868.4159999999999,81.66,22.512,26.667182678941895,-1.3322676295501878e-17
172,S3,no_TTI,14,1.7632057417154583,3.908245505269684,0.0,0.0,0.0,809.448,75.648,20.712,20.807389663355565,4.796163466380676e-17
173,S3,no_TTI,14,1.709591842118628,4.035824583075973,0.0,0.0,0.0,818.112,78.408,20.7,24.49404969131929,-6.661338147750939e-18
174,S3,no_TTI,16,1.8007538940379688,4.006497341996456,0.0,0.0,0.0,812.064,81.396,22.128,22.68388388872462,-3.9968028886505634e-17
175,S3,no_TTI,16,1.5229938706225674,3.5838323353293413,0.0,0.0,0.0,810.048,71.82000000000001,19.883999999999997,21.415202832723736,9.325873406851316e-18
176,S3,no_TTI,18,1.6470819501989131,3.5942891136228434,0.0,0.0,0.0,817.032,72.50399999999999,19.644000000000002,19.63506290058752,2.6645352591003758e-18
177,S3,no_TTI,18,1.7836388426293492,3.9038461538461537,0.0,0.0,0.0,810.24,75.51599999999999,19.427999999999997,21.585290228177858,-2.6645352591003758e-18
178,S3,no_TTI,20,1.6708921705569413,3.767288033674083,0.0,0.0,0.0,791.52,75.17999999999999,20.316000000000003,21.519675844365672,5.195843755245732e-17
179,S3,no_TTI,20,1.5826353679859801,3.4862973760932943,0.0,0.0,0.0,831.864,71.748,18.048000000000002,21.129364126848515,1.9984014443252817e-17
180,S3,symptom_based_TTI,2,0.9906729831181554,3.888888888888889,976.38,150.72,89.78399999999999,3507.0240000000003,76.02,33.036,19.15980007453973,4.458524451466566
181,S3,symptom_based_TTI,2,1.0531307485726575,3.979399646851089,953.364,127.87200000000001,89.12400000000001,3491.856,81.132,35.748,19.166632470432607,4.746137827668056
182,S3,symptom_based_TTI,4,1.151235794017851,3.8252007411982705,1140.096,162.92399999999998,90.05999999999999,3799.704,74.316,29.304,18.06185283396976,4.583938159851437
183,S3,symptom_based_TTI,4,1.133365651599223,3.9709302325581395,1144.98,165.204,90.408,4026.0239999999994,81.96000000000001,31.392,21.90243586095054,5.272897090041512
184,S3,symptom_based_TTI,6,1.0836142545417533,3.850280723643169,1235.7839999999999,188.11200000000002,90.58800000000001,4165.008,74.064,26.592,21.439672845214105,5.1879233544207315
185,S3,symptom_based_TTI,6,1.2132726870883415,3.9611244019138754,1224.696,170.04,89.952,4201.0560000000005,79.476,27.648,21.445855757661448,6.039041048598084
186,S3,symptom_based_TTI,8,1.3446906541987675,3.9709090909090907,1320.048,189.708,90.15599999999999,4488.552000000001,78.624,24.384,20.80219034648551,6.812934700378886
187,S3,symptom_based_TTI,8,1.2696489629976875,3.729281767955801,1320.9,194.856,89.928,4393.848,72.9,22.8,19.434565026543233,5.8463370447779806
188,S3,symptom_based_TTI,10,1.2655039488971207,3.7609447004608296,1316.064,203.028,90.036,4468.5599999999995,78.348,22.14,23.689618416194126,6.15540332038106
189,S3,symptom_based_TTI,10,1.2774073519116966,3.8748488512696495,1374.156,197.892,91.092,4557.408,76.908,23.508,22.206161464016915,5.839857415239753
190,S3,symptom_based_TTI,12,1.2348475253428879,3.8568102444703145,1338.744,186.516,89.628,4533.744,79.512,25.512,22.413537923813553,6.128845493717463
191,S3,symptom_based_TTI,12,1.3969136166175125,3.9667673716012084,1349.976,202.404,90.084,4383.4800000000005,78.78,24.348,20.99709455016265,5.692201023813558
192,S3,symptom_based_TTI,14,1.3716877196075976,3.9,1390.992,203.76,89.304,4650.984,79.092,22.848000000000003,22.451563136413522,5.97460990994441
193,S3,symptom_based_TTI,14,1.3672947483872497,3.9402985074626864,1429.8719999999998,217.60799999999998,89.88,4539.936,76.03200000000001,21.84,21.7861097820327,6.022570753086923
194,S3,symptom_based_TTI,16,1.3600484481636395,4.068181818181818,1449.564,198.504,89.448,4880.88,81.62400000000001,21.384,26.293339582283085,6.658648353761659
195,S3,symptom_based_TTI,16,1.2895910552288306,3.824162679425837,1373.3519999999999,198.98399999999998,89.172,4481.879999999999,76.728,22.68,22.15189823202036,6.021746835868387
196,S3,symptom_based_TTI,18,1.412229704370304,3.9324324324324325,1416.768,209.66400000000002,88.704,4573.392000000001,76.824,21.024,22.208860970856556,6.00181952456519
197,S3,symptom_based_TTI,18,1.2671112417899362,3.7255369928400954,1457.112,215.61599999999999,90.21600000000001,4736.2080000000005,74.928,21.672,22.038273423377866,5.733585281742945
198,S3,symptom_based_TTI,20,1.2947346613377833,3.82363747703613,1453.248,207.432,90.012,4763.016,74.928,19.788,22.987603625329267,6.7807759510955465
199,S3,symptom_based_TTI,20,1.3524511919966051,4.034117647058824,1465.536,211.584,90.036,5088.6,82.29599999999999,21.24,25.785169770209325,7.6808259130599135
200,S3,test_based_TTI,2,1.068767465911082,3.9023668639053253,106.74,13.104000000000001,89.78399999999999,2059.128,79.14,36.96,17.107415879775587,3.3979799115477
201,S3,test_based_TTI,2,1.088960465381412,3.896265560165975,113.06400000000001,16.632,89.736,2139.696,78.876,34.032000000000004,19.349431993719225,3.44965234509947
202,S3,test_based_TTI,4,1.1981579917758574,4.016324062877872,125.23200000000001,22.104,89.11200000000001,2263.152,79.716,30.815999999999995,21.059367718144195,4.059592461088609
203,S3,test_based_TTI,4,1.160160086524337,4.01920768307323,122.25599999999999,15.600000000000001,89.80799999999999,2222.352,80.352,33.18,20.28584373473368,3.692235815471811
204,S3,test_based_TTI,6,1.2117934662456455,3.8562168532704773,126.66000000000001,23.988,89.34,2279.328,78.52799999999999,29.112000000000002,20.543301011547346,4.195736841826357
205,S3,test_based_TTI,6,1.2121073209017261,3.6821152703505646,124.344,19.26,89.52,2231.5919999999996,74.364,25.908,19.99304387297864,3.983236674090143
206,S3,test_based_TTI,8,1.3513064383849607,3.983920841063698,143.148,18.744,90.048,2454.408,77.304,25.728,20.982552351134668,4.372697518443566
207,S3,test_based_TTI,8,1.1823860528879382,3.883062085593731,120.61200000000001,17.496000000000002,90.24,2212.8959999999997,77.304,28.788,21.06929724740242,3.907761211704538
208,S3,test_based_TTI,10,1.2897069746879157,3.761992619926199,134.724,21.252000000000002,89.592,2362.008,73.404,24.360000000000003,19.346724989528614,4.532512520360783
209,S3,test_based_TTI,10,1.2873778233941777,3.698573127229489,129.888,20.244,89.85600000000001,2309.976,74.652,23.412,21.230960988276934,4.024605024335008
210,S3,test_based_TTI,12,1.339541553674075,3.725835866261398,138.36,18.96,89.64,2428.2239999999997,73.548,20.040000000000003,22.660452550636126,4.404997179837667
211,S3,test_based_TTI,12,1.4306515426577955,3.877797943133696,128.736,20.363999999999997,89.544,2305.8,76.92,21.72,22.423233886767104,4.398362113072845
212,S3,test_based_TTI,14,1.394926168747738,3.843137254901961,161.172,23.064,88.848,2644.6079999999997,79.968,21.492,24.039419220640365,5.410957060056708
213,S3,test_based_TTI,14,1.363495991376954,3.648079306071871,121.29599999999999,17.279999999999998,89.64,2182.536,70.656,20.544,19.645034951389757,4.058774687621408
214,S3,test_based_TTI,16,1.427316421593384,3.8482418260333127,143.76,20.892,89.304,2442.528,74.85600000000001,20.748,21.575052057573828,4.768788909591657
215,S3,test_based_TTI,16,1.3883238340283386,3.7944572748267897,172.05599999999998,24.528,89.47200000000001,2817.816,78.864,20.052,24.488837099422433,5.46824033413255
216,S3,test_based_TTI,18,1.3551610908917422,3.7143719806763285,148.64399999999998,20.712,89.256,2505.24,73.812,20.183999999999997,22.157360614837245,4.540878186962057
217,S3,test_based_TTI,18,1.3825522490540705,3.719319562575942,138.468,20.916,90.276,2418.5519999999997,73.464,19.572,22.58379079993896,4.00003717674505
218,S3,test_based_TTI,20,1.3936842581136908,3.8484658735128368,140.136,17.628,89.32799999999999,2402.112,73.75200000000001,21.276000000000003,21.559938980532767,4.207495896976496
219,S3,test_based_TTI,20,1.469300824566645,3.744242424242424,143.688,18.276,89.48400000000001,2454.672,74.136,19.668,21.117360761097153,4.258482912483258
220,S3,test_based_TTI_test_contacts,2,1.0396015989222613,3.9284876905041033,103.32,17.855999999999998,170.71200000000002,1009.68,80.424,38.123999999999995,17.53263404108003,3.4846420257834603
221,S3,test_based_TTI_test_contacts,2,1.0613045229699831,3.853412462908012,96.372,14.171999999999999,166.596,985.56,77.916,36.264,17.27674565224494,2.915676893302024
222,S3,test_based_TTI_test_contacts,4,1.2212348607355747,3.879081015719468,110.82,15.48,176.05200000000002,984.24,76.99199999999999,30.576000000000004,18.34847827453587,3.828452209584464
223,S3,test_based_TTI_test_contacts,4,1.2453361114353205,3.9939831528279184,140.70000000000002,22.488,200.92800000000003,1059.9119999999998,79.65599999999999,31.02,19.710558757170947,4.088457836363047
224,S3,test_based_TTI_test_contacts,6,1.335924120295514,3.940636474908201,120.492,17.508,184.188,983.1120000000001,77.268,27.876,19.48787503609489,3.709324813150647
225,S3,test_based_TTI_test_contacts,6,1.3178454448676924,3.865348980852378,113.568,17.016000000000002,178.716,1014.0240000000001,75.096,28.404,17.608403804921224,3.4804948921892693
226,S3,test_based_TTI_test_contacts,8,1.3449206568031404,3.9709302325581395,158.28,29.664,215.844,1093.008,81.96000000000001,25.512,23.70225981567188,4.9865778279113275
227,S3,test_based_TTI_test_contacts,8,1.3599471964505048,3.933333333333333,163.476,22.608,219.28799999999998,1080.6000000000001,79.296,25.452,21.77408965791753,4.653374861640318
228,S3,test_based_TTI_test_contacts,10,1.225786718744553,3.7892878163625663,146.82,20.856,204.876,1074.384,77.256,24.204,23.081331554290923,4.979328823945157
229,S3,test_based_TTI_test_contacts,10,1.4052579937771132,3.97488038277512,149.57999999999998,22.104,208.68,1086.384,79.752,23.796,23.29286872383004,4.468034889025945
230,S3,test_based_TTI_test_contacts,12,1.3148471364320178,3.7258548290341933,151.03199999999998,19.968,207.804,1069.3439999999998,74.532,21.756,22.094086917101524,4.379710965712381
231,S3,test_based_TTI_test_contacts,12,1.3561373542266948,3.8146577831617203,149.70000000000002,20.928,209.112,1061.712,75.57600000000001,22.451999999999998,21.357925789606213,4.898280948454524
232,S3,test_based_TTI_test_contacts,14,1.4851321404884676,3.7712456344586727,147.144,19.644000000000002,205.632,1047.384,77.748,20.220000000000002,22.230604009935053,4.679911781754667
233,S3,test_based_TTI_test_contacts,14,1.347883233063999,3.8109719737626713,144.612,19.008000000000003,204.168,1060.632,76.69200000000001,22.896,22.250265995434482,4.420931822385609
234,S3,test_based_TTI_test_contacts,16,1.3480821798015516,3.868026394721056,162.42,21.096,217.09199999999998,1084.032,77.376,23.868,21.34616168928029,5.194802385969502
235,S3,test_based_TTI_test_contacts,16,1.375911187173427,3.921245421245421,165.528,20.736,219.54,1122.288,77.076,21.168,23.616480367107155,5.246609337811973
236,S3,test_based_TTI_test_contacts,18,1.3482984164961531,3.7303506650544134,148.596,20.400000000000002,205.92,1052.8799999999999,74.03999999999999,20.532,22.07245323448634,4.674519794898038
237,S3,test_based_TTI_test_contacts,18,1.4471506350769756,3.8990595611285266,144.636,21.492,203.66400000000002,1059.048,74.628,18.756,23.418559086306534,4.754977758320162
238,S3,test_based_TTI_test_contacts,20,1.3435594264680746,3.8648491879350346,152.04,21.216,209.55599999999998,1073.928,79.956,21.804,25.584961140064134,4.771481445164355
239,S3,test_based_TTI_test_contacts,20,1.4001586351117596,3.7278669043374926,174.99599999999998,22.092000000000002,227.976,1116.192,75.288,18.168,23.487002320198247,5.355393885084655
240,S4,no_TTI,2,1.0275315311566138,3.7995296884185774,0.0,0.0,0.0,838.344,77.556,41.004,15.5780263860312,-1.199040866595169e-17
241,S4,no_TTI,2,1.055121279797898,3.8096969696969696,0.0,0.0,0.0,833.832,75.432,40.260000000000005,14.280598660001623,3.064215547965432e-17
242,S4,no_TTI,4,1.1349974420478721,3.641358024691358,0.0,0.0,0.0,791.784,70.788,34.379999999999995,14.343649726589364,6.661338147750939e-18
243,S4,no_TTI,4,1.1446438748067929,3.9691943127962084,0.0,0.0,0.0,804.792,80.4,40.416,16.79809367191361,1.3322676295501878e-17
244,S4,no_TTI,6,1.2444606345603608,4.005991611743559,0.0,0.0,0.0,819.6239999999999,80.232,37.704,17.603942411025095,-3.996802888650563e-18
245,S4,no_TTI,6,1.2177764314747441,3.8158058494088363,0.0,0.0,0.0,820.3919999999999,73.584,33.540000000000006,16.560399295441037,-3.1974423109204506e-17
246,S4,no_TTI,8,1.3426819607042952,3.934131736526946,0.0,0.0,0.0,806.016,78.84,34.176,17.756653507485925,-1.3322676295501879e-18
247,S4,no_TTI,8,1.3149611511267827,3.8362223550508068,0.0,0.0,0.0,812.16,77.016,33.779999999999994,16.836839929978694,3.064215547965432e-17
248,S4,no_TTI,10,1.402159234812559,3.826596367896895,0.0,0.0,0.0,813.0,78.384,32.088,17.57417023409954,-1.865174681370263e-17
249,S4,no_TTI,10,1.2686363671779315,3.9447852760736195,0.0,0.0,0.0,830.664,77.16,32.867999999999995,19.47747265799966,6.661338147750939e-18
250,S4,no_TTI,12,1.4547744156228957,4.044964028776978,0.0,0.0,0.0,823.6080000000001,80.964,32.388,19.457235296892115,-3.064215547965432e-17
251,S4,no_TTI,12,1.452737593378449,4.048377219840784,0.0,0.0,0.0,816.144,79.33200000000001,32.267999999999994,18.5961541201559,4.929390229335695e-17
252,S4,no_TTI,14,1.4152589170315095,3.8184004810583283,0.0,0.0,0.0,811.2959999999999,76.2,29.424,18.53309305171919,4.130029651605582e-17
253,S4,no_TTI,14,1.3516959512880116,3.8214285714285716,0.0,0.0,0.0,833.016,78.324,31.02,19.59963978240089,5.3290705182007515e-18
254,S4,no_TTI,16,1.4230479757601624,3.8392752776154295,0.0,0.0,0.0,821.6400000000001,78.828,30.408,19.20197896169233,-1.3322676295501878e-17
255,S4,no_TTI,16,1.4632618910799813,4.0142602495543676,0.0,0.0,0.0,813.8159999999999,81.072,32.04,19.47996284774869,3.1974423109204506e-17
256,S4,no_TTI,18,1.3422045362146426,3.9244363193174894,0.0,0.0,0.0,800.0160000000001,77.28,29.772,21.077308272861256,2.2648549702353192e-17
257,S4,no_TTI,18,1.43781249448038,3.962032384142937,0.0,0.0,0.0,824.088,85.152,31.428000000000004,22.822533868627662,1.7319479184152442e-17
258,S4,no_TTI,20,1.391982143518073,3.9457687723480332,0.0,0.0,0.0,817.968,79.452,29.04,22.383047558120083,2.7977620220553945e-17
259,S4,no_TTI,20,1.3410824666567172,3.847107438016529,0.0,0.0,0.0,819.264,78.204,31.715999999999998,19.22647561780226,2.6645352591003756e-17
260,S4,symptom_based_TTI,2,0.8928613880257426,3.9144451332920025,766.488,113.74799999999999,89.148,2743.2960000000003,75.768,42.984,12.69248672028088,2.8092882530928556
261,S4,symptom_based_TTI,2,0.8651954259833934,3.823803967327888,734.7479999999999,111.312,89.208,2920.344,78.648,42.888,14.17273934427262,3.7919211341009524
262,S4,symptom_based_TTI,4,0.8798140178240369,3.6514714368147723,943.74,125.328,89.268,3285.768,75.936,37.812,16.350105453725437,3.477282231605896
263,S4,symptom_based_TTI,4,0.9360355934100353,3.72086072922893,954.96,136.944,89.868,3394.584,74.7,36.42,15.486429691906846,4.001719734793289
264,S4,symptom_based_TTI,6,0.9898257092384654,3.886144578313253,1112.196,155.448,89.78399999999999,3793.008,77.412,33.647999999999996,19.16345636995243,4.883215502017334
265,S4,symptom_based_TTI,6,1.0518822313878717,3.7891156462585034,1058.2800000000002,142.5,88.60799999999999,3488.448,73.524,32.867999999999995,16.442958728682527,3.8023184534672088
266,S4,symptom_based_TTI,8,1.0872619313561849,3.889216263995286,1148.268,161.892,90.15599999999999,3828.984,79.2,35.328,16.657611723840503,5.073386306022163
267,S4,symptom_based_TTI,8,1.0971235040769147,3.973918197984588,1117.044,142.296,88.932,3802.872,80.448,35.376,17.914892360255273,4.946939423211679
268,S4,symptom_based_TTI,10,1.054937345456747,3.7008816120906802,1173.84,146.88,89.304,3834.4320000000002,70.524,27.924,17.888970931491997,4.608143013484242
269,S4,symptom_based_TTI,10,1.0108581573153863,3.8245406046235924,1216.056,157.584,90.57600000000001,4051.1279999999997,77.424,30.18,21.69654171572784,5.083645747579492
270,S4,symptom_based_TTI,12,1.1226453957382914,4.101534828807556,1258.872,168.25199999999998,89.592,4225.872,83.37599999999999,34.332,20.946513081425504,5.27635131400653
271,S4,symptom_based_TTI,12,1.0669561852385718,3.845223700120919,1208.616,162.612,89.736,4094.712,76.32000000000001,29.7,20.518170317321225,4.924883318063618
272,S4,symptom_based_TTI,14,0.9916618813046277,3.805755395683453,1270.5720000000001,172.88400000000001,89.41199999999999,4057.5360000000005,76.176,29.844,20.80145529066576,5.681440493140813
273,S4,symptom_based_TTI,14,1.067120862528121,3.7255369928400954,1270.1879999999999,177.6,90.21600000000001,4192.944,74.928,29.124,19.23027342337787,5.11179178945657
274,S4,symptom_based_TTI,16,1.1620449714039287,3.8264705882352943,1222.4399999999998,166.968,89.28,3957.888,78.06,30.372,19.174225404911184,4.808057178448679
275,S4,symptom_based_TTI,16,1.112094735387054,3.802905874921036,1252.38,174.084,89.46000000000001,4060.8480000000004,72.24,26.375999999999998,19.630415745020965,5.108232661566572
276,S4,symptom_based_TTI,18,1.254860836884347,3.951234196267309,1275.624,169.32,89.568,4240.176,78.756,28.392,19.900036652573604,5.4520771466476114
277,S4,symptom_based_TTI,18,1.1554672410407536,3.8532934131736525,1310.484,182.724,90.15599999999999,4295.639999999999,77.22,28.848,19.75086220460659,5.465574284936718
278,S4,symptom_based_TTI,20,1.148324144166614,3.8191230207064555,1290.192,179.904,89.43599999999999,4253.76,75.252,28.632,18.719803817060733,5.2736172462803
279,S4,symptom_based_TTI,20,1.196521443305528,3.704383886255924,1289.46,165.83999999999997,89.604,4280.04,75.036,25.8,19.467845782384497,5.531415862018745
280,S4,test_based_TTI,2,0.8657210634786979,3.953143534994069,87.672,14.208,89.47200000000001,1842.048,79.98,44.303999999999995,15.530263720997809,2.6304677227011877
281,S4,test_based_TTI,2,0.8700488857742876,3.821320411871593,79.572,8.16,89.64,1712.8799999999999,75.708,41.616,14.470661696299313,2.3839297787405176
282,S4,test_based_TTI,4,0.9456999538427627,3.774233128834356,90.456,9.564,90.36,1842.84,73.824,37.416000000000004,15.03967758645839,2.870431316377186
283,S4,test_based_TTI,4,0.9789661135674252,3.923938679245283,105.88799999999999,13.44,89.64,2037.264,79.86,40.367999999999995,16.335604969309365,3.232476687366417
284,S4,test_based_TTI,6,1.065724381621963,3.795509708737864,108.24000000000001,13.751999999999999,89.616,2029.9679999999998,75.05999999999999,32.135999999999996,18.30355678027595,3.544677848768125
285,S4,test_based_TTI,6,1.117609808750612,4.035409035409035,104.928,14.94,89.028,1983.7199999999998,79.32000000000001,38.604,15.478840263631291,3.2694213355667032
286,S4,test_based_TTI,8,1.1770324804474808,3.9741784037558685,126.43200000000002,17.099999999999998,89.736,2269.392,81.26400000000001,34.236,19.251694050599642,3.7083457892102993
287,S4,test_based_TTI,8,1.0749935115473788,3.812962962962963,118.704,14.484,89.256,2154.72,74.12400000000001,32.556,16.587593861303436,4.082532274215541
288,S4,test_based_TTI,10,1.1496093550522097,3.83984867591425,116.58,11.664,89.68799999999999,2119.128,73.08,31.428000000000004,16.433288911599778,3.339345843046576
289,S4,test_based_TTI,10,1.1733942530856887,3.7971813725490198,126.37199999999999,17.064,89.7,2254.152,74.364,30.491999999999997,17.240983527897075,3.651263419672828
290,S4,test_based_TTI,12,1.0932406665036043,4.033149171270718,127.39200000000001,18.0,89.676,2271.984,78.84,33.455999999999996,19.968764974906378,4.04456647628119
291,S4,test_based_TTI,12,1.1572204266201218,3.6572289156626505,112.836,15.204,89.616,2139.384,72.852,28.032,18.333477565592474,3.4346915361347357
292,S4,test_based_TTI,14,1.1655723400227533,3.7714631197097943,121.58400000000002,15.671999999999999,89.28,2186.136,74.85600000000001,29.52,18.51666930160895,3.6850508936194615
293,S4,test_based_TTI,14,1.2131626692139945,3.89281210592686,137.712,21.0,90.3,2383.152,74.088,24.876,21.610940201074772,4.5121478784445
294,S4,test_based_TTI,16,1.1589863757837515,3.9988392338943703,144.99599999999998,18.936,90.58800000000001,2509.8720000000003,82.67999999999999,33.216,20.87774336527483,4.623054329020358
295,S4,test_based_TTI,16,1.1642835584632618,3.73859649122807,130.776,14.399999999999999,89.244,2320.608,76.716,29.568,19.226267912641088,4.030633467692816
296,S4,test_based_TTI,18,1.1126879911450493,3.827355623100304,134.964,16.14,89.64,2350.464,75.552,28.356,20.972754268556674,4.258784786240064
297,S4,test_based_TTI,18,1.193003979977597,3.8870090634441086,138.192,15.9,90.864,2392.2,77.196,28.836000000000002,20.418203443603176,4.248737514041782
298,S4,test_based_TTI,20,1.2341551352269848,3.8994614003590664,151.56,18.624000000000002,89.568,2544.336,78.192,29.052,19.982727233606152,4.40999399482236
299,S4,test_based_TTI,20,1.2691783683096507,3.882280809319436,126.66000000000001,15.504000000000001,89.028,2260.3199999999997,75.984,28.56,18.739441450484204,3.8441995249593326
300,S4,test_based_TTI_test_contacts,2,0.8483942397536743,3.977493917274939,91.60799999999999,15.228000000000002,162.70800000000003,978.9840000000002,78.468,43.404,15.326534516872384,3.0003439212671386
301,S4,test_based_TTI_test_contacts,2,0.8504092901409005,3.5972797161442935,87.696,15.348000000000003,158.436,971.544,72.996,38.388000000000005,14.709996087910286,2.641498596550579
302,S4,test_based_TTI_test_contacts,4,0.9716337314923581,3.9682254196642686,102.15599999999999,18.491999999999997,170.148,975.648,79.42800000000001,39.612,17.052423948676616,3.3153552817723617
303,S4,test_based_TTI_test_contacts,4,0.9569377343657455,3.861985472154964,96.156,14.292,164.65200000000002,965.1120000000001,76.56,38.495999999999995,16.308303966121457,2.785362387812029
304,S4,test_based_TTI_test_contacts,6,1.1762772107990853,3.9355223880597014,117.012,17.568,180.864,1001.5679999999999,79.104,34.608,17.193644361139064,3.659183701799336
305,S4,test_based_TTI_test_contacts,6,0.9903733987311878,3.8207604103802053,103.044,10.308,169.87199999999999,975.2159999999999,75.972,36.071999999999996,16.721963112442115,3.4854522271869666
306,S4,test_based_TTI_test_contacts,8,1.0870852464572927,3.971031985515993,127.87200000000001,18.576,189.636,1033.896,78.96000000000001,33.384,19.733014822476626,4.22738213696661
307,S4,test_based_TTI_test_contacts,8,1.0080089008126525,3.783582089552239,120.3,16.584,183.276,1034.976,79.092,36.42,18.02341522148656,3.5771667159257934
308,S4,test_based_TTI_test_contacts,10,1.0798794395395463,4.000581395348838,138.06,17.52,196.632,1059.8400000000001,82.572,34.992000000000004,21.074535048541744,4.216753319362034
309,S4,test_based_TTI_test_contacts,10,1.1742412802484707,3.849056603773585,112.81200000000001,18.192,177.52800000000002,1001.4719999999999,78.33600000000001,32.760000000000005,18.022842065649154,3.654999398733995
310,S4,test_based_TTI_test_contacts,12,1.2472472457396941,4.074846625766871,128.1,18.695999999999998,190.08,1047.024,79.70400000000001,30.708000000000002,20.65921093803449,3.9406329352971277
311,S4,test_based_TTI_test_contacts,12,1.0926026102934236,3.73595166163142,127.212,15.684000000000001,189.504,1040.856,74.196,29.436,19.4573815731859,3.603530586386739
312,S4,test_based_TTI_test_contacts,14,1.2514580190663793,4.086503067484663,121.69200000000001,14.652,184.848,992.0640000000001,79.932,33.720000000000006,17.915908270054587,3.817572877007064
313,S4,test_based_TTI_test_contacts,14,1.1026039614239207,3.8458844133099825,131.364,17.22,192.432,1045.632,79.05600000000001,30.516000000000002,21.68321852465944,4.191654444310484
314,S4,test_based_TTI_test_contacts,16,1.191414198993038,3.8849182313749244,137.832,19.692,197.772,1042.416,76.96799999999999,29.555999999999997,19.793618893310242,4.01408299623972
315,S4,test_based_TTI_test_contacts,16,1.1799293202410597,3.5343653250773994,119.83200000000001,19.752,183.6,1001.28,68.496,25.176,16.68256801692944,3.77040175679884
316,S4,test_based_TTI_test_contacts,18,1.244677485112672,3.8767857142857145,145.104,18.936,203.088,1047.384,78.156,29.508000000000003,18.811573243406922,4.743728656721636
317,S4,test_based_TTI_test_contacts,18,1.2344975724216358,3.8471563981042656,140.04,19.188,198.888,1054.44,77.928,28.104,20.56085911359297,4.257158059434397
318,S4,test_based_TTI_test_contacts,20,1.2525438544108294,4.19661610268378,131.1,17.964,191.412,1055.016,86.316,35.831999999999994,20.284829161152665,4.436848841325404
319,S4,test_based_TTI_test_contacts,20,1.273406983938005,3.996385542168675,130.212,18.984,192.132,1029.72,79.608,31.656,18.38110671708568,4.204626162869288
320,S5,no_TTI,2,0.8680841142955684,3.8285198555956677,0.0,0.0,0.0,824.0640000000001,76.356,44.964,14.078930424489185,7.993605777301126e-18
321,S5,no_TTI,2,0.8574677397950211,3.8003442340791738,0.0,0.0,0.0,832.0079999999999,79.488,47.44799999999999,14.105204754447335,-1.4654943925052067e-17
322,S5,no_TTI,4,1.0918540754444088,4.025746050321826,0.0,0.0,0.0,829.944,82.55999999999999,45.024,15.14425662078606,2.398081733190338e-17
323,S5,no_TTI,4,1.0354779658925075,3.809669522643819,0.0,0.0,0.0,808.8480000000001,74.7,38.892,15.504348044779718,-1.7319479184152442e-17
324,S5,no_TTI,6,1.1244740315300497,3.8071641791044777,0.0,0.0,0.0,809.016,76.524,37.128,16.794071966246,3.9968028886505634e-17
325,S5,no_TTI,6,1.0882633763665266,3.925595238095238,0.0,0.0,0.0,830.4,79.14,40.416,16.784610332450825,3.996802888650563e-18
326,S5,no_TTI,8,1.2748756270029162,3.824188790560472,0.0,0.0,0.0,818.28,77.784,35.711999999999996,16.141029746760683,-1.0658141036401503e-17
327,S5,no_TTI,8,1.2165085383271927,3.9358190709046457,0.0,0.0,0.0,819.216,77.268,37.872,15.513504375560554,0.0
328,S5,no_TTI,10,1.2772930624147223,3.8057073466909532,0.0,0.0,0.0,809.616,75.21600000000001,32.244,17.727579914435427,2.7977620220553945e-17
329,S5,no_TTI,10,1.325969538689992,3.897530864197531,0.0,0.0,0.0,819.288,75.768,32.232,17.759152167866546,1.0658141036401503e-17
330,S5,no_TTI,12,1.2262553832829066,3.75980687990344,0.0,0.0,0.0,802.4639999999999,74.76,32.976,17.401137958802686,-3.996802888650563e-18
331,S5,no_TTI,12,1.2119115500182969,3.941105769230769,0.0,0.0,0.0,805.368,78.69600000000001,36.996,17.500550169234646,-3.996802888650563e-18
332,S5,no_TTI,14,1.3442549965929946,3.789160214413341,0.0,0.0,0.0,808.5600000000001,76.344,29.772,19.487950328644345,-2.7977620220553945e-17
333,S5,no_TTI,14,1.3069186726807054,3.746487477092242,0.0,0.0,0.0,814.392,73.59599999999999,30.983999999999998,16.93888959386022,-6.927791673660977e-17
334,S5,no_TTI,16,1.372949176515047,3.9376947040498442,0.0,0.0,0.0,798.48,75.84,32.928,16.46899886032019,-3.597122599785507e-17
335,S5,no_TTI,16,1.290075111336905,3.9457687723480332,0.0,0.0,0.0,817.968,79.452,32.616,20.859047558120082,2.7977620220553945e-17
336,S5,no_TTI,18,1.3056482631834232,4.044632768361582,0.0,0.0,0.0,835.368,85.908,36.552,21.62403088998409,9.325873406851316e-18
337,S5,no_TTI,18,1.3178359521237697,3.9591346153846154,0.0,0.0,0.0,836.88,79.05600000000001,32.028000000000006,20.713451707992565,-1.3322676295501878e-17
338,S5,no_TTI,20,1.3459378739854158,4.020808561236623,0.0,0.0,0.0,808.0079999999999,81.156,33.996,19.993589951478377,-1.3322676295501879e-18
339,S5,no_TTI,20,1.3067616429221254,3.9457687723480332,0.0,0.0,0.0,817.968,79.452,31.944,21.195047558120084,2.7977620220553945e-17
340,S5,symptom_based_TTI,2,0.733089790806011,3.962219598583235,631.3919999999999,99.6,89.304,2411.208,80.544,49.656,13.671246651205585,2.314504081289828
341,S5,symptom_based_TTI,2,0.705177934597133,3.911627906976744,653.076,88.36800000000001,89.196,2692.9680000000003,80.73599999999999,48.972,14.192146196035944,3.016981233879232
342,S5,symptom_based_TTI,4,0.7929273270756512,3.9208282582216807,827.376,116.232,89.568,3059.616,77.256,41.339999999999996,16.384380028007453,3.90777991929394
343,S5,symptom_based_TTI,4,0.7654030565704595,3.837085308056872,838.164,105.336,89.448,3106.848,77.724,41.736,16.3677782676951,4.116217418413682
344,S5,symptom_based_TTI,6,0.9685982156500847,4.095066185318893,963.8040000000001,133.392,89.43599999999999,3513.288,81.672,39.756,17.839892824145483,4.758384362929244
345,S5,symptom_based_TTI,6,0.8564250631768436,3.827417380660955,926.4,121.82400000000001,88.896,3152.64,75.048,39.72,15.108190848171517,3.4270265130569313
346,S5,symptom_based_TTI,8,0.9963580831544657,3.8856964397251716,1002.828,138.816,89.748,3520.032,74.652,33.144,17.44736302200066,4.918605484435754
347,S5,symptom_based_TTI,8,0.9362553894178136,3.7325174825174825,1032.228,142.236,89.11200000000001,3517.848,76.86,36.828,16.536818559254918,4.215810461853475
348,S5,symptom_based_TTI,10,0.9433279308126207,3.8677685950413223,1088.268,151.368,90.696,3762.2400000000002,78.624,35.388,19.20743107073676,4.8525987517042966
349,S5,symptom_based_TTI,10,1.0782009475055725,4.022491349480969,1082.3039999999999,150.156,88.632,3840.792,83.7,37.163999999999994,19.31653681167863,4.784257872625423
350,S5,symptom_based_TTI,12,1.0595575299768223,3.6767738023044267,1090.992,152.46,89.82000000000001,3696.432,72.756,29.448,17.392019792022477,4.949455804796181
351,S5,symptom_based_TTI,12,1.061287059892557,4.017910447761194,1096.6799999999998,143.50799999999998,89.868,3777.12,80.76,36.768,18.341704498332838,4.318425597826765
352,S5,symptom_based_TTI,14,1.1088739345183563,3.938278931750742,1162.4399999999998,154.85999999999999,89.592,3890.3520000000003,79.63199999999999,34.704,17.50949459897496,4.997074445063888
353,S5,symptom_based_TTI,14,1.0353580069178863,3.5723039215686274,1128.108,153.024,89.85600000000001,3723.5519999999997,69.96,28.092,17.58449907658031,4.007049715939809
354,S5,symptom_based_TTI,16,1.0642628524692759,3.8732480195003047,1124.3999999999999,152.736,89.724,3723.648,76.272,32.507999999999996,18.14246026885198,4.664075640323051
355,S5,symptom_based_TTI,16,1.108030203862322,3.868693009118541,1165.776,152.53199999999998,90.132,4119.768,76.368,28.32,20.01571376487299,6.159770010884801
356,S5,symptom_based_TTI,18,1.0544684909550401,3.8243642814902423,1211.532,162.396,88.884,4071.7439999999997,77.60400000000001,32.988,17.70631508032928,5.512410301211063
357,S5,symptom_based_TTI,18,1.1122915125215194,4.035953686776356,1191.792,159.99599999999998,90.05999999999999,4175.0160000000005,79.476,32.1,19.71500003995333,5.757755495472921
358,S5,symptom_based_TTI,20,1.056897936666574,3.9204758922980587,1212.288,162.20399999999998,89.88,3838.0319999999997,75.132,31.836,18.47188289125568,4.569725050466106
359,S5,symptom_based_TTI,20,1.1220742586889276,3.884878655880523,1214.652,164.784,90.288,3781.8959999999997,74.916,32.976,16.316184333465095,3.9857356619776354
360,S5,test_based_TTI,2,0.7849214446595288,3.9481105470953186,82.404,14.016,89.148,1771.56,84.0,50.28,14.48373947451023,2.536271868913635
361,S5,test_based_TTI,2,0.7757874456287857,3.8586698337292162,68.652,10.956000000000001,89.244,1617.672,77.976,46.644,13.4681344974458,2.1867528012877195
362,S5,test_based_TTI,4,0.8859576441687091,3.923842999414177,89.172,13.56,88.356,1809.0,80.37599999999999,43.151999999999994,16.15185326146812,2.9241903553800803
363,S5,test_based_TTI,4,0.9714950507040179,4.183525136281042,83.58,12.276,89.268,1753.824,82.884,46.104,15.11794741696281,2.4147926384892067
364,S5,test_based_TTI,6,1.0289536087647526,3.9591232227488153,102.216,16.332,88.872,1982.712,80.196,38.256,18.179182710311313,2.918332990549874
365,S5,test_based_TTI,6,1.0118109589098474,3.9130945390487377,99.372,14.676,89.52,1956.5520000000001,79.968,38.148,18.16811872127812,2.9745125224402584
366,S5,test_based_TTI,8,1.0294498126962774,3.7057038834951457,96.72,10.62,90.12,1911.7199999999998,73.284,33.972,15.950909387137052,3.0026911169813695
367,S5,test_based_TTI,8,1.021486606215345,3.883679525222552,98.256,12.816,89.12400000000001,1930.944,78.52799999999999,37.464,17.09407731588062,3.3154635064451243
368,S5,test_based_TTI,10,1.1076017245618175,4.086694762191451,114.672,13.152000000000001,89.11200000000001,2114.088,81.45599999999999,37.872,18.062790432409958,3.4444919936239207
369,S5,test_based_TTI,10,1.096162354220682,3.7971813725490198,117.03599999999999,16.032,89.7,2147.9759999999997,74.364,33.444,16.18498352789707,3.2677729270451183
370,S5,test_based_TTI,12,1.0205400298234375,3.639115250291036,115.116,16.284,89.64,2141.6400000000003,75.024,32.424,18.06741160912883,3.4931351360312104
371,S5,test_based_TTI,12,1.0217195257917877,3.8266433973240255,123.624,14.664,90.24,2255.52,78.936,34.572,19.139035269525476,4.148934352441549
372,S5,test_based_TTI,14,1.1690618232290078,3.9131455399061035,140.16,17.855999999999998,89.172,2405.424,80.01599999999999,33.864000000000004,17.94417699513139,4.302846843481889
373,S5,test_based_TTI,14,1.0822913352373007,3.9757109004739335,121.05599999999998,16.080000000000002,89.448,2180.808,80.53200000000001,34.068,20.45568769219743,4.085419021235832
374,S5,test_based_TTI,16,1.1200826711350487,4.051073708647707,123.972,15.9,89.364,2239.6800000000003,83.75999999999999,37.932,19.003895324855826,3.6652753667559375
375,S5,test_based_TTI,16,1.0915710073734852,3.83984867591425,116.34,11.58,89.68799999999999,2109.72,73.08,33.204,15.869288911599785,3.2319316760680605
376,S5,test_based_TTI,18,1.17096432226969,3.9490333919156413,141.036,18.48,88.848,2436.024,80.89200000000001,32.687999999999995,19.745984630436084,4.471982192191622
377,S5,test_based_TTI,18,1.1266186279438104,3.8451957295373664,124.992,15.024000000000001,89.78399999999999,2249.16,77.79599999999999,32.160000000000004,19.01657579507045,3.8256761243703927
378,S5,test_based_TTI,20,0.9938326977944858,3.673065735892961,126.53999999999999,17.052,89.616,2274.192,75.768,31.752,19.413450280211038,4.101768829684334
379,S5,test_based_TTI,20,1.1259881180950422,3.7369337979094075,123.71999999999998,17.628,89.49600000000001,2226.552,77.22,32.832,17.290888104450783,3.8296934232332704
380,S5,test_based_TTI_test_contacts,2,0.7492400935673224,3.712941176470588,74.82000000000001,11.364,147.972,951.072,75.744,45.108000000000004,12.797429478166606,2.554072613060034
381,S5,test_based_TTI_test_contacts,2,0.6949099235145458,3.886038186157518,71.388,8.088000000000001,145.75199999999998,947.0400000000001,78.156,47.760000000000005,14.19715349797779,2.222818120297686
382,S5,test_based_TTI_test_contacts,4,0.8275388259035663,3.776913875598086,73.548,8.496,147.084,962.928,75.78,41.208,15.67382578387816,2.2944352131926933
383,S5,test_based_TTI_test_contacts,4,0.9356873993658943,3.9364127174565087,85.98,12.120000000000001,155.964,950.592,78.744,43.128,14.203708979681657,2.694800283403012
384,S5,test_based_TTI_test_contacts,6,0.951366915785173,3.845014245014245,109.188,14.772,174.9,1021.152,80.976,40.955999999999996,16.68578678395918,3.298425969605087
385,S5,test_based_TTI_test_contacts,6,0.9292865717800671,3.9064615384615387,92.82,11.196,161.916,979.3199999999999,76.176,39.252,15.653645775781085,3.149266074507623
386,S5,test_based_TTI_test_contacts,8,0.9810490537730288,3.8718905472636815,100.08,11.748,168.72,994.08,74.712,34.8,17.687164153598783,3.29451330479688
387,S5,test_based_TTI_test_contacts,8,1.1216235426700667,4.066332916145181,100.644,14.136000000000001,168.444,1003.0079999999999,77.976,36.624,16.828504995474024,3.015241950284794
388,S5,test_based_TTI_test_contacts,10,1.0612210895632266,3.6214757048590283,105.66,16.752,172.776,978.5280000000001,72.444,30.96,17.059318364038965,3.1960149603382724
389,S5,test_based_TTI_test_contacts,10,1.1014654714296774,4.023837902264601,114.10799999999999,15.131999999999998,178.92000000000002,1025.8799999999999,81.024,37.332,18.35368379138852,3.1592074759035054
390,S5,test_based_TTI_test_contacts,12,1.0499098913436753,3.948348348348348,117.924,17.724,182.04,1024.9679999999998,78.888,34.848,18.910741172150484,4.152059198802919
391,S5,test_based_TTI_test_contacts,12,1.0661697614020438,3.8578978273634763,119.508,12.276,182.364,1031.376,78.84,34.692,18.95570907352741,3.404045682460453
392,S5,test_based_TTI_test_contacts,14,1.0631489766432494,3.856294536817102,130.452,17.496000000000002,191.964,1060.488,77.928,34.379999999999995,18.112561764383127,3.9513237156101115
393,S5,test_based_TTI_test_contacts,14,1.134788929015096,3.9236596736596736,140.268,16.956,198.924,1056.672,80.796,36.72,16.982856555503066,3.725569818218103
394,S5,test_based_TTI_test_contacts,16,1.2087711898088924,4.066332916145181,112.176,15.564000000000002,177.384,1021.44,77.976,33.528,17.848504995474027,3.420098668750672
395,S5,test_based_TTI_test_contacts,16,1.0931414096244527,4.040458937198068,130.464,15.72,191.16,1019.4959999999999,80.292,36.6,18.368804768093494,3.600289139849405
396,S5,test_based_TTI_test_contacts,18,1.2226923907039517,4.151629072681704,113.06400000000001,16.68,178.83599999999998,991.6320000000001,79.512,34.632000000000005,17.59976567608799,3.863229657149954
397,S5,test_based_TTI_test_contacts,18,1.1743775947372874,3.9299323909035033,122.05199999999999,15.24,183.408,986.616,76.728,32.616,17.306837595879948,3.8766142444692733
398,S5,test_based_TTI_test_contacts,20,1.0953709876914222,3.8356246264196057,103.59599999999999,12.54,170.172,1002.168,77.004,34.344,17.351853663106464,3.317478388000567
399,S5,test_based_TTI_test_contacts,20,1.1265320974433222,3.856806128461992,133.10399999999998,19.02,193.66799999999998,1037.8799999999999,78.53999999999999,32.495999999999995,19.152482308172182,3.9508180594920383
