,strategy,gov_policy,wfh,effective_r,base_r,manual_traces,app_traces,test_needed,persondays_quarantined,secondary_infections,secondary_infections_social,secondary_infections_isolating,secondary_infections_contact
0,S1,no_TTI,0.0,2.35355596929638,3.909252669039146,0.0,0.0,0.0,831.912,79.092,0.0,31.474855629195652,7.993605777301126e-18
1,S1,no_TTI,0.0,2.3691333983589504,3.918910741301059,0.0,0.0,0.0,838.632,77.71199999999999,0.0,30.73208471054206,1.6653345369377347e-17
2,S1,no_TTI,0.25,2.118449293504013,3.975838115372999,0.0,0.0,0.0,833.4000000000001,78.984,9.066,27.832886335249306,-2.864375403532904e-17
3,S1,no_TTI,0.25,2.096532903695463,3.879413524835428,0.0,0.0,0.0,846.6600000000001,77.78999999999999,8.879999999999999,26.8703222150986,-3.996802888650563e-18
4,S1,no_TTI,0.5,1.8337975166843037,3.916517590936196,0.0,0.0,0.0,830.52,78.816,16.032,25.88065877424512,-6.661338147750939e-18
5,S1,no_TTI,0.5,1.7778371763355578,3.9772250524423134,0.0,0.0,0.0,837.9240000000001,79.63199999999999,19.337999999999997,24.698144055409493,-6.661338147750939e-18
6,S1,no_TTI,0.75,1.6163387502791695,4.020795660036167,0.0,0.0,0.0,805.5600000000001,80.046,27.294,20.573928159442296,-1.4654943925052067e-17
7,S1,no_TTI,0.75,1.5234499988795438,3.835458409228901,0.0,0.0,0.0,823.2239999999999,75.804,24.366,21.328534222144697,1.6653345369377347e-17
8,S1,no_TTI,1.0,1.2302296774885615,3.822870615974064,0.0,0.0,0.0,812.592,77.826,34.89,17.890984225687856,-5.3290705182007515e-18
9,S1,no_TTI,1.0,1.231941411095214,3.835008870490834,0.0,0.0,0.0,841.896,77.82,34.854,17.96744488605591,-1.7985612998927537e-17
10,S1,symptom_based_TTI,0.0,1.9178564589687193,3.8631796690307327,1813.242,317.058,89.64,5956.224,78.43799999999999,0.0,31.179009526896156,8.31883293020299
11,S1,symptom_based_TTI,0.0,1.9593230060418612,3.8653388822829964,1779.636,318.96,89.67,5631.335999999999,78.018,0.0,30.546292045808162,7.92473240024293
12,S1,symptom_based_TTI,0.25,1.8307591823680045,3.959508098380324,1487.6100000000001,264.702,89.676,4808.436000000001,79.206,9.462,27.013531664822903,6.107961651087566
13,S1,symptom_based_TTI,0.25,1.7242697069328004,3.876077265973254,1513.908,257.55,89.646,5145.876,78.258,7.8420000000000005,28.78915838175358,6.813836235273207
14,S1,symptom_based_TTI,0.5,1.5361599148525704,3.9852231604342583,1276.5120000000002,221.196,89.358,4279.368,79.28999999999999,18.93,24.463669291929328,5.332893042163933
15,S1,symptom_based_TTI,0.5,1.485909710394303,3.7557251908396947,1286.154,220.944,89.928,4406.088,76.752,15.234000000000002,25.60234511366692,5.549604044715101
16,S1,symptom_based_TTI,0.75,1.2691692684279194,3.6443361753958587,1020.078,191.988,89.16,3475.62,71.808,22.92,20.256161456595784,3.6241272783004552
17,S1,symptom_based_TTI,0.75,1.279827974921856,3.8771498771498774,1024.086,179.076,89.898,3684.756,75.744,24.654,21.482189710110752,4.605090971815847
18,S1,symptom_based_TTI,1.0,1.0980036718151895,3.7635811836115325,757.9440000000001,149.094,89.556,2927.1,74.406,31.098,18.090337110543476,3.5101302976701945
19,S1,symptom_based_TTI,1.0,1.120078394958258,3.8386018237082067,777.4979999999999,151.404,89.52,3000.084,75.774,32.7,17.40158923227559,3.5620632512483894
20,S1,test_based_TTI,0.0,2.0030839756888694,3.839080459770115,187.218,30.924,89.05799999999999,3008.556,76.152,0.0,30.32625123962341,6.092575018612192
21,S1,test_based_TTI,0.0,2.0340591994216233,3.9266241299303943,198.906,37.296,89.454,3177.612,81.23400000000001,0.0,32.797189227840924,6.356194054524536
22,S1,test_based_TTI,0.25,1.749984291771909,3.838516746411483,152.712,30.294,89.064,2652.828,77.016,9.642000000000001,27.212385820222227,5.049929349666183
23,S1,test_based_TTI,0.25,1.7388199231023973,3.7998236331569664,173.604,28.733999999999998,89.79599999999999,2884.2839999999997,77.562,8.501999999999999,28.059484705375002,5.5077230242588655
24,S1,test_based_TTI,0.5,1.5710668773219305,3.9099153567110037,142.73399999999998,23.238,89.862,2509.9919999999997,77.60400000000001,16.416,25.361622825903893,4.6438417930104885
25,S1,test_based_TTI,0.5,1.602718221242319,3.9541041482789057,153.942,28.272000000000002,89.61,2645.952,80.64,17.328,25.87779707234973,4.748367523634446
26,S1,test_based_TTI,0.75,1.41748018472941,3.9322820037105752,106.11,19.698,89.976,2104.5,76.302,23.856,21.409887145572693,3.531327349937802
27,S1,test_based_TTI,0.75,1.3173899139875997,3.8961666163597948,102.54,17.573999999999998,90.066,2052.3239999999996,77.448,26.136,21.488714837099852,3.636208452654603
28,S1,test_based_TTI,1.0,1.1395534723424425,3.832129963898917,76.68,15.09,89.646,1753.644,76.428,33.426,17.752949660675682,2.5217958869266113
29,S1,test_based_TTI,1.0,1.1669580051258317,4.050636749545179,88.908,17.369999999999997,89.49000000000001,1885.452,80.15400000000001,35.364000000000004,18.82821427275988,2.8700207218101372
30,S1,test_based_TTI_test_contacts,0.0,2.1084744778567424,4.018026275588145,187.17600000000002,33.444,241.782,1130.304,78.90599999999999,0.0,31.24219173731052,6.257586466538795
31,S1,test_based_TTI_test_contacts,0.0,1.970576784446403,3.781785392245266,169.488,30.636000000000003,229.18200000000002,1125.804,75.492,0.0,30.758908012848153,5.396438216032778
32,S1,test_based_TTI_test_contacts,0.25,1.69877913451794,3.7551817362571343,163.794,29.412000000000003,222.246,1094.688,75.006,7.800000000000001,27.98101470398034,5.293570863158296
33,S1,test_based_TTI_test_contacts,0.25,1.764983522841496,3.849671249252839,158.526,29.712,218.706,1096.5240000000001,77.286,9.366,27.40512992070347,5.0810608747306665
34,S1,test_based_TTI_test_contacts,0.5,1.6223770034898297,3.955365331702843,139.98000000000002,24.012,203.604,1045.872,77.628,18.102,23.054476310570898,4.6307526189377075
35,S1,test_based_TTI_test_contacts,0.5,1.6422370701993367,3.9427549194991056,146.48399999999998,26.052,208.85999999999999,1080.156,79.344,16.128,25.358634871716095,4.80898632759247
36,S1,test_based_TTI_test_contacts,0.75,1.3037312862305312,3.854437869822485,102.846,23.262,176.214,1016.8319999999999,78.16799999999999,26.064,22.23003840937429,3.4342911058705163
37,S1,test_based_TTI_test_contacts,0.75,1.3594291828658889,3.851996397478235,113.052,20.514,183.13799999999998,1009.548,76.98599999999999,25.206,20.781754973909074,3.828693377333238
38,S1,test_based_TTI_test_contacts,1.0,1.1245868222057083,3.889024763069398,85.044,14.568,160.38,964.368,76.326,33.63,17.74439605794333,2.8804629694474126
39,S1,test_based_TTI_test_contacts,1.0,1.1481730339978946,3.946535244922342,82.422,16.5,158.7,953.2439999999999,79.27799999999999,36.12,17.40083308244426,2.6926670106059856
40,S2,no_TTI,0.0,2.3375309936812934,3.855360855360855,0.0,0.0,0.0,832.92,77.886,1.248,29.41519886565053,4.7295500849031674e-17
41,S2,no_TTI,0.0,2.2631282268140067,3.9753123140987507,0.0,0.0,0.0,843.048,80.19,1.8719999999999999,32.666177408707895,-7.327471962526034e-18
42,S2,no_TTI,0.25,1.9897839752740936,3.866904337492573,0.0,0.0,0.0,830.9159999999999,78.096,10.638000000000002,27.272322835364445,-3.3306690738754695e-18
43,S2,no_TTI,0.25,2.029189248232442,4.017401740174018,0.0,0.0,0.0,824.5559999999999,80.34,12.294,27.46627341384766,1.4654943925052067e-17
44,S2,no_TTI,0.5,1.7351296500704516,3.9385887215825215,0.0,0.0,0.0,819.0360000000001,80.04,19.23,25.548695251268303,2.6645352591003758e-18
45,S2,no_TTI,0.5,1.7655111473703733,3.975301204819277,0.0,0.0,0.0,816.468,79.188,19.308,24.711017944382206,9.325873406851316e-18
46,S2,no_TTI,0.75,1.508898123567623,3.76437125748503,0.0,0.0,0.0,805.32,75.438,24.983999999999998,20.215681603704844,-7.327471962526034e-18
47,S2,no_TTI,0.75,1.4648643649624584,3.8366013071895426,0.0,0.0,0.0,830.7239999999999,77.48400000000001,25.554,22.345599285218213,7.327471962526034e-18
48,S2,no_TTI,1.0,1.235051517200888,4.00602954476937,0.0,0.0,0.0,822.312,79.728,37.638,17.510004704667914,-2.065014825802791e-17
49,S2,no_TTI,1.0,1.2806359458020762,3.89587786259542,0.0,0.0,0.0,799.476,76.554,34.44,16.94950366498919,2.6645352591003756e-17
50,S2,symptom_based_TTI,0.0,1.7880154380637163,3.796218487394958,1905.54,286.63800000000003,89.358,6083.808,75.89399999999999,1.65,29.972870634030777,8.525124728199408
51,S2,symptom_based_TTI,0.0,1.7917620170333084,3.7526555386949925,1940.724,294.51599999999996,90.438,6095.076,74.19,1.2240000000000002,29.3982880713049,8.144576851946608
52,S2,symptom_based_TTI,0.25,1.7443007688583019,3.930930930930931,1691.202,268.548,89.58000000000001,5489.148,78.53999999999999,10.098,25.90640460671517,7.684466031495924
53,S2,symptom_based_TTI,0.25,1.584917657685767,3.763064133016627,1678.086,266.454,89.32799999999999,5344.812,76.04400000000001,11.142,25.96146323373952,6.912520739746505
54,S2,symptom_based_TTI,0.5,1.3891668919182592,3.8344331133773246,1386.138,205.63799999999998,89.628,4553.052000000001,76.704,18.654,24.28765488192425,5.973450612142875
55,S2,symptom_based_TTI,0.5,1.3575042880510215,4.003384615384616,1444.1399999999999,218.244,90.618,4862.388,78.066,18.12,26.616931916306537,6.857734466698493
56,S2,symptom_based_TTI,0.75,1.2686933910253566,3.7625037436358193,1210.1039999999998,184.938,89.742,4037.652,75.378,25.932,19.210577701100434,4.81841890309754
57,S2,symptom_based_TTI,0.75,1.1704109622247538,3.787215152411956,1153.218,178.794,90.036,3929.724,76.78200000000001,27.12,21.338931339419986,4.5941568124353465
58,S2,symptom_based_TTI,1.0,0.9897250213984163,3.7942840130991367,912.27,142.854,89.568,3348.3599999999997,76.47,34.266000000000005,18.223748086881827,4.033333831854484
59,S2,symptom_based_TTI,1.0,1.0328897220810815,3.931263189629183,933.972,142.84799999999998,89.69399999999999,3474.024,78.24000000000001,34.728,18.487338073514373,4.468090677627928
60,S2,test_based_TTI,0.0,1.9553089992475698,3.8713290947623373,187.224,28.554,89.634,2998.968,76.722,1.8960000000000001,30.09487336968389,5.9808128832277765
61,S2,test_based_TTI,0.0,1.8893084671746145,3.876778686042991,220.35,30.012,89.346,3362.7000000000003,76.83,1.524,31.181223288672296,6.682461508861204
62,S2,test_based_TTI,0.25,1.6594910047222964,3.8286670724284844,181.57199999999997,27.773999999999997,89.532,2924.616,75.486,10.794,26.433782793911416,5.53969255698374
63,S2,test_based_TTI,0.25,1.8129500075401157,3.7641843971631204,179.862,23.148,89.004,2882.868,76.428,9.84,24.362745480811512,5.415117566094014
64,S2,test_based_TTI,0.5,1.4830214743643861,3.832542975696503,147.798,24.564,89.47800000000001,2537.832,77.586,18.318,24.19849485109358,5.04721842187375
65,S2,test_based_TTI,0.5,1.4602306644218204,3.870848708487085,150.96599999999998,24.036,89.88,2562.672,75.52799999999999,17.238,25.073380063781094,4.724599212020272
66,S2,test_based_TTI,0.75,1.258515488609409,4.168609865470852,133.488,19.782,90.17999999999999,2381.1839999999997,83.664,30.689999999999998,23.400748138677464,4.314846004931631
67,S2,test_based_TTI,0.75,1.3678285770474548,4.103160405485987,135.564,19.764000000000003,89.25,2385.684,82.572,29.994,20.926126322969555,4.125691392527434
68,S2,test_based_TTI,1.0,1.0407276130788454,3.926749703440095,112.81800000000001,16.716,89.142,2118.3,79.446,36.071999999999996,18.900582511232194,3.4174164209565787
69,S2,test_based_TTI,1.0,1.0870096033508725,3.782310899344848,96.61800000000001,17.028,89.09400000000001,1947.636,76.206,33.972,17.07155967646935,3.261370835217246
70,S2,test_based_TTI_test_contacts,0.0,1.9174643993438214,3.87318401937046,204.294,32.436,252.516,1157.172,76.78200000000001,1.854,30.42301178403522,6.493173963372821
71,S2,test_based_TTI_test_contacts,0.0,1.8412109143410456,3.802325581395349,203.904,33.156,252.63600000000002,1164.828,76.518,1.104,31.930979346082843,6.43049221371792
72,S2,test_based_TTI_test_contacts,0.25,1.7528151301625985,3.964875412788952,180.618,25.734,233.604,1112.5320000000002,79.242,10.464,28.114257719345105,5.631979089225209
73,S2,test_based_TTI_test_contacts,0.25,1.7352181602486658,3.8911097852028638,175.96200000000002,27.552,230.772,1104.828,78.258,10.416,27.41357929112221,5.529713069956658
74,S2,test_based_TTI_test_contacts,0.5,1.5193225356780915,3.7748502994011974,150.012,23.094,210.282,1077.3719999999998,75.648,17.825999999999997,22.651670708970332,4.723105676040698
75,S2,test_based_TTI_test_contacts,0.5,1.5034581846493276,3.9030009093664746,151.35,23.772,210.69,1076.412,77.256,18.666,24.255809458106576,4.574739234944626
76,S2,test_based_TTI_test_contacts,0.75,1.3077916730499795,3.8899109792284867,139.776,22.272,201.744,1062.144,78.654,27.216,20.701681718959716,4.292770651969693
77,S2,test_based_TTI_test_contacts,0.75,1.3448841990602292,3.973071104387292,128.85600000000002,19.416,192.138,1036.032,78.786,26.682,21.07887949024816,4.3560668423874365
78,S2,test_based_TTI_test_contacts,1.0,1.04644075776925,3.787278727872787,96.156,13.998000000000001,166.506,992.664,75.738,34.608,17.311162603783643,2.892115122346841
79,S2,test_based_TTI_test_contacts,1.0,1.0605442341617026,3.9080282989849278,100.092,16.266000000000002,168.09,973.5360000000001,76.23,35.147999999999996,17.03467459564184,3.3603495727999384
80,S3,no_TTI,0.0,2.011457556870012,3.781725888324873,0.0,0.0,0.0,809.928,75.99,7.92,27.651771852254015,1.9984014443252816e-18
81,S3,no_TTI,0.0,2.0996451544606733,4.002080856123662,0.0,0.0,0.0,827.16,80.778,9.612,28.7867622023658,5.3290705182007515e-18
82,S3,no_TTI,0.25,1.723810172526005,3.6619343389529724,0.0,0.0,0.0,830.436,74.286,16.572,22.744786840137515,-1.3322676295501879e-18
83,S3,no_TTI,0.25,1.764445048759396,3.8424408014571947,0.0,0.0,0.0,827.8919999999999,75.94200000000001,15.27,25.79950805631934,-6.661338147750939e-18
84,S3,no_TTI,0.5,1.460667253299431,3.870529116169081,0.0,0.0,0.0,820.476,78.564,27.696,21.219376092528158,-3.597122599785507e-17
85,S3,no_TTI,0.5,1.5058608968675442,3.8310852237890867,0.0,0.0,0.0,829.26,74.982,25.368000000000002,20.14129052650844,2.531308496145357e-17
86,S3,no_TTI,0.75,1.3017120317725164,4.000592066311427,0.0,0.0,0.0,826.26,81.084,36.042,18.65890054003464,3.26405569239796e-17
87,S3,no_TTI,0.75,1.2356597799493099,3.7879247572815533,0.0,0.0,0.0,819.6360000000001,74.91,32.85,17.62359219172244,7.327471962526034e-18
88,S3,no_TTI,1.0,0.9841992651265589,3.9147621988882024,0.0,0.0,0.0,823.512,76.056,42.024,14.910976677121207,2.6645352591003756e-17
89,S3,no_TTI,1.0,1.0040307921718963,3.822740524781341,0.0,0.0,0.0,820.644,78.672,42.425999999999995,15.583046297102364,-5.062616992290714e-17
90,S3,symptom_based_TTI,0.0,1.6505601958426404,3.9862234201856843,1798.23,257.346,89.136,5650.968,79.86,10.266,28.62595504368158,7.900721992806956
91,S3,symptom_based_TTI,0.0,1.6686817786123695,3.8917235241768022,1803.3239999999998,251.316,89.184,5671.704000000001,78.714,9.684,27.55065450183548,7.728587843950737
92,S3,symptom_based_TTI,0.25,1.5426368575399163,3.8853919239904986,1541.28,226.85399999999998,89.202,4952.088000000001,78.516,17.088,23.578292539520497,6.676101843312877
93,S3,symptom_based_TTI,0.25,1.4501229170320096,3.938920035408675,1546.1460000000002,223.74599999999998,89.634,4937.34,80.094,17.934,25.94003040369293,6.733170201378172
94,S3,symptom_based_TTI,0.5,1.2808630324671693,3.8651515151515152,1287.636,193.488,89.454,4242.755999999999,76.53,25.548000000000002,20.210027102320968,5.410884854829073
95,S3,symptom_based_TTI,0.5,1.1902410183316245,3.774914089347079,1266.666,190.872,88.23599999999999,4323.804,79.092,26.61,21.613362776367723,5.93070740754804
96,S3,symptom_based_TTI,0.75,1.0114788986755217,3.9860943168077387,1089.03,156.03,89.67,3729.54,79.116,36.042,18.60060922977136,4.3975575893168415
97,S3,symptom_based_TTI,0.75,1.0354295009347767,3.9199640287769784,1038.3359999999998,147.726,90.012,3678.228,78.462,33.762,18.96030943539364,5.0145336738958495
98,S3,symptom_based_TTI,1.0,0.8932803581038504,3.902892561983471,784.434,106.326,88.878,2905.0080000000003,79.33800000000001,42.624,15.108994545017726,3.446402335447171
99,S3,symptom_based_TTI,1.0,0.8380595602513796,3.873145625189222,793.1759999999999,105.768,89.83800000000001,2965.4759999999997,76.75800000000001,41.616,14.780354967137942,3.7529806678002027
100,S3,test_based_TTI,0.0,1.8115469311138683,3.8520531400966185,200.298,29.075999999999997,89.7,3122.172,76.548,7.104,27.14594886439955,6.298990520505626
101,S3,test_based_TTI,0.0,1.7484364898010996,3.9481090589270007,202.668,30.017999999999997,88.992,3159.576,80.802,9.33,29.444543969335612,6.243954830395036
102,S3,test_based_TTI,0.25,1.608960227545284,4.0014832393948385,177.618,26.676,88.788,2846.364,80.934,17.592000000000002,25.207123978919153,5.59204645874991
103,S3,test_based_TTI,0.25,1.5578412394597227,3.9759671746776086,172.818,23.94,90.024,2816.9519999999998,81.396,17.586000000000002,26.722100363134917,5.195773782645569
104,S3,test_based_TTI,0.5,1.305777462816512,3.8945809890435297,140.41199999999998,18.042,89.32799999999999,2423.568,78.91199999999999,26.291999999999998,22.030557749535692,4.131779298876101
105,S3,test_based_TTI,0.5,1.273927493151977,3.94791978449566,148.73399999999998,23.838,89.874,2538.276,79.14,26.772,22.034109446387482,4.796740025887883
106,S3,test_based_TTI,0.75,1.0347700967920739,3.7536916715888955,110.31,14.136000000000001,89.376,2087.6760000000004,76.25999999999999,33.954,18.03576045426801,3.2478502593041774
107,S3,test_based_TTI,0.75,1.1408437881411557,3.9746254967899723,116.358,18.516,89.85000000000001,2151.06,78.006,34.092,17.90750733175707,3.6162924821845444
108,S3,test_based_TTI,1.0,0.8735647646963488,3.802851076736427,81.438,11.82,89.592,1752.36,75.22800000000001,41.268,14.197416703899085,2.4817251208777207
109,S3,test_based_TTI,1.0,0.9163551089309608,4.018303312027891,86.592,12.468,89.262,1786.272,82.986,45.989999999999995,15.381758607666972,2.6896756826907473
110,S3,test_based_TTI_test_contacts,0.0,1.700436184031774,3.8819465304896363,195.792,28.439999999999998,244.76399999999998,1135.512,77.538,9.575999999999999,28.08816418313392,5.909323477015416
111,S3,test_based_TTI_test_contacts,0.0,1.7616352523151608,3.880858784396734,192.564,28.68,241.98000000000002,1137.5040000000001,77.004,8.088000000000001,27.67832191507422,6.28331140848841
112,S3,test_based_TTI_test_contacts,0.25,1.5007887295550895,3.839378238341969,161.394,23.544,216.342,1068.468,75.58200000000001,16.854,24.039108044385586,5.14436502559289
113,S3,test_based_TTI_test_contacts,0.25,1.5094638277911006,4.011134517002708,177.51,25.986,230.034,1118.328,79.974,18.564,26.009526329740677,5.304783871760384
114,S3,test_based_TTI_test_contacts,0.5,1.3546807735939745,3.7705365262200665,135.756,20.946,197.07600000000002,1043.424,74.634,22.848000000000003,20.701217426596624,4.270231340884213
115,S3,test_based_TTI_test_contacts,0.5,1.3508486773402548,3.91227553723874,141.67200000000003,19.008000000000003,201.366,1059.9959999999999,79.74,26.304000000000002,21.426856419475662,4.476145838975237
116,S3,test_based_TTI_test_contacts,0.75,1.0693878421343337,3.8959976628688286,112.69200000000001,14.85,177.642,1024.548,80.01599999999999,35.562,18.95374514029352,3.5371673579514695
117,S3,test_based_TTI_test_contacts,0.75,1.0609968595284067,3.7229891956782715,106.014,14.334,173.646,993.1560000000001,74.42999999999999,33.444,16.44015637991817,3.334394404389848
118,S3,test_based_TTI_test_contacts,1.0,0.9183202872573917,4.035400907715583,86.352,12.767999999999999,156.924,975.72,80.022,43.614,15.670241725332273,2.52746697835363
119,S3,test_based_TTI_test_contacts,1.0,0.8287665782091553,3.8021739130434784,78.69600000000001,9.606,151.32,930.1320000000001,73.458,41.574,13.483179544171751,2.3890501648273514
120,S4,no_TTI,0.0,1.7825826166941339,3.9723203769140163,0.0,0.0,0.0,826.272,80.94,19.44,25.178096602240355,7.327471962526034e-18
121,S4,no_TTI,0.0,1.6831231637129385,3.975103734439834,0.0,0.0,0.0,835.188,80.472,20.802,25.596854673795292,2.398081733190338e-17
122,S4,no_TTI,0.25,1.5138645645857352,3.892176970407266,0.0,0.0,0.0,837.576,79.70400000000001,27.456,21.247081446413322,4.662936703425658e-18
123,S4,no_TTI,0.25,1.4775582693724376,3.8331261653200746,0.0,0.0,0.0,813.396,74.01,25.926,19.555304934956983,7.993605777301126e-18
124,S4,no_TTI,0.5,1.2326087783641146,4.001844451275746,0.0,0.0,0.0,822.4559999999999,78.108,37.26,16.789941863889208,1.3988810110276973e-17
125,S4,no_TTI,0.5,1.1898744657126425,3.853902798232695,0.0,0.0,0.0,817.44,78.504,36.936,17.330257133433463,-9.992007221626408e-18
126,S4,no_TTI,0.75,0.9177977565632328,4.034327009936766,0.0,0.0,0.0,826.6320000000001,80.388,47.495999999999995,14.603961902721016,-4.662936703425658e-18
127,S4,no_TTI,0.75,0.926342468826438,3.841208133971292,0.0,0.0,0.0,826.692,77.07,44.244,14.23986470546635,1.1324274851176596e-17
128,S4,no_TTI,1.0,0.661882931163349,3.7378176382660686,0.0,0.0,0.0,821.208,75.018,50.934,10.800009571551577,7.993605777301126e-18
129,S4,no_TTI,1.0,0.6496695840965546,3.8423997513211066,0.0,0.0,0.0,807.36,74.166,51.09,10.536077687768302,-2.1316282072803006e-17
130,S4,symptom_based_TTI,0.0,1.3739295024761493,3.879352474037874,1456.992,205.88400000000001,89.064,4644.107999999999,76.206,19.704,23.504605004780807,6.007923848577667
131,S4,symptom_based_TTI,0.0,1.3115998151088255,3.7623493975903615,1412.814,208.536,89.442,4693.26,74.94600000000001,18.75,23.761679431792793,6.307252251239345
132,S4,symptom_based_TTI,0.25,1.149795653782508,3.8541919805589306,1201.056,169.638,89.46000000000001,4016.7,76.128,28.206,20.38186454266144,4.829371703826429
133,S4,symptom_based_TTI,0.25,1.28338664369086,3.966465256797583,1243.44,173.178,89.952,4150.632,78.774,29.034,18.63026163174595,5.621679624553533
134,S4,symptom_based_TTI,0.5,1.0165108964785223,3.9758823529411766,994.4580000000001,144.93,89.94000000000001,3502.908,81.10799999999999,38.388000000000005,17.825734561844964,4.157443149993147
135,S4,symptom_based_TTI,0.5,0.9674750110808396,4.011846901579587,1008.216,139.254,89.83800000000001,3520.596,79.242,37.422000000000004,18.402163670062333,4.308269911068914
136,S4,symptom_based_TTI,0.75,0.7638434281954355,3.8756567425569175,736.242,99.792,89.208,2813.3039999999996,79.668,46.74,13.950885842794708,3.275548647219905
137,S4,symptom_based_TTI,0.75,0.7511882294727766,3.922680412371134,722.61,93.744,90.132,2731.572,77.622,46.26,13.545781032256432,2.9517062829362604
138,S4,symptom_based_TTI,1.0,0.5847657520243932,3.825248568846038,482.17199999999997,58.446,90.03,2100.216,76.176,51.6,10.971234839721063,1.9597399744651762
139,S4,symptom_based_TTI,1.0,0.5769182734346784,3.857654431512981,481.662,58.446,89.514,2062.944,77.562,53.394,10.788075862588235,1.7804053317341253
140,S4,test_based_TTI,0.0,1.4038311965573749,3.7563496751329,163.866,24.389999999999997,89.256,2694.564,76.31400000000001,18.785999999999998,24.06193865344995,4.945826757290387
141,S4,test_based_TTI,0.0,1.5256342119846218,3.9346914319952067,146.568,21.72,89.166,2500.104,78.80399999999999,20.183999999999997,23.58605430715132,4.4785436952206705
142,S4,test_based_TTI,0.25,1.3174283357752334,3.950432965064198,134.61599999999999,23.37,89.292,2343.852,79.38,27.198,21.386619659623832,4.3229753613086
143,S4,test_based_TTI,0.25,1.1823579181006498,3.782201405152225,132.24,19.008000000000003,89.388,2341.5119999999997,77.52,28.65,20.696525903234175,3.9398662073748203
144,S4,test_based_TTI,0.5,1.0636219141507826,3.937725631768953,108.414,15.684000000000001,89.292,2060.136,78.53399999999999,35.43,18.407745415945403,3.4833791282313324
145,S4,test_based_TTI,0.5,1.0347981731584728,3.9600827912477823,104.184,16.02,90.36,2018.1480000000001,80.35799999999999,37.818,18.200905841273403,3.3409696289947983
146,S4,test_based_TTI,0.75,0.8317479996195855,3.9600827912477823,80.55,11.67,90.36,1740.6960000000001,80.35799999999999,45.414,15.386905841273398,2.6792637504459527
147,S4,test_based_TTI,0.75,0.8110241191374751,4.016651528913109,74.382,9.918,89.80199999999999,1666.596,79.602,46.715999999999994,14.50381550582185,2.3093085011116585
148,S4,test_based_TTI,1.0,0.5810968340590104,3.8978622327790973,49.98,6.774,89.84400000000001,1390.0919999999999,78.768,54.36,11.27271724785426,1.392477929481264
149,S4,test_based_TTI,1.0,0.5703351815680775,3.8291770573566084,51.21,6.258,89.658,1373.688,73.704,50.748,10.573084410368242,1.4051040148094114
150,S4,test_based_TTI_test_contacts,0.0,1.4675853619094865,3.8443131462333824,161.106,21.33,216.804,1103.136,78.07799999999999,19.116,24.019162011427625,5.136179288190639
151,S4,test_based_TTI_test_contacts,0.0,1.5113001899069014,3.8299570288520566,151.926,23.184,209.754,1055.292,74.868,18.881999999999998,21.48877030548055,4.954333582219288
152,S4,test_based_TTI_test_contacts,0.25,1.1804211761657204,3.911158277744087,128.988,18.546,191.79,1032.156,77.394,29.088,20.658501700593863,4.289324065438809
153,S4,test_based_TTI_test_contacts,0.25,1.2062942650820996,3.9504681365146483,132.456,19.764000000000003,194.03400000000002,1037.664,78.48,29.34,20.750572034465783,4.425186095413154
154,S4,test_based_TTI_test_contacts,0.5,1.0264659063077832,3.8819465304896363,108.59400000000001,14.537999999999998,174.822,990.9000000000001,77.538,36.762,17.156164183133924,3.11720580427439
155,S4,test_based_TTI_test_contacts,0.5,1.0566830442523707,3.9141048824593128,107.598,14.67,173.76600000000002,1001.052,77.922,37.205999999999996,16.58993122579644,3.089622729227324
156,S4,test_based_TTI_test_contacts,0.75,0.8085485834396657,3.8422174840085286,74.352,10.674,148.284,939.9960000000001,75.684,43.830000000000005,13.493863354408703,2.4333466489967392
157,S4,test_based_TTI_test_contacts,0.75,0.8145106024007112,3.9182058047493404,82.91399999999999,11.286,154.11599999999999,964.8120000000001,80.19,46.572,14.280189331644374,2.668036679622662
158,S4,test_based_TTI_test_contacts,1.0,0.5814369019821277,3.929494712103408,56.184,6.5760000000000005,132.762,921.2879999999999,80.256,55.476,11.19222278202997,1.7125099318870673
159,S4,test_based_TTI_test_contacts,1.0,0.5620023010157729,3.939611360239163,51.12,6.798,129.36599999999999,915.0360000000001,79.06800000000001,54.78,11.42108141644179,1.5875324021716666
160,S5,no_TTI,0.0,1.435837220783912,3.870529116169081,0.0,0.0,0.0,820.476,78.564,28.056,21.36337609252816,0.0
161,S5,no_TTI,0.0,1.3622685918252142,3.8355916892502258,0.0,0.0,0.0,834.66,76.428,29.808,19.475436039290795,1.865174681370263e-17
162,S5,no_TTI,0.25,1.2256597453067317,3.9900758902510214,0.0,0.0,0.0,819.5880000000001,82.02,38.424,18.401338275474814,-2.1316282072803006e-17
163,S5,no_TTI,0.25,1.2669563285227652,4.042249330556382,0.0,0.0,0.0,821.1,81.516,38.178,17.78855867900992,-1.7319479184152442e-17
164,S5,no_TTI,0.5,0.8980690056783547,3.9693486590038316,0.0,0.0,0.0,852.3,80.80799999999999,45.846000000000004,16.67911118240005,-5.3290705182007515e-18
165,S5,no_TTI,0.5,0.9267854691732884,3.8120481927710843,0.0,0.0,0.0,825.3000000000001,75.936,43.146,14.328433454068087,1.2656542480726785e-17
166,S5,no_TTI,0.75,0.7222183038735935,3.951020408163265,0.0,0.0,0.0,818.412,81.312,55.65,10.798747306281433,1.1324274851176596e-17
167,S5,no_TTI,0.75,0.707927010786146,3.802875973636908,0.0,0.0,0.0,822.816,76.164,51.9,10.085637827975066,1.4654943925052067e-17
168,S5,no_TTI,1.0,0.4219367892118314,3.91167574107683,0.0,0.0,0.0,818.616,77.592,61.51800000000001,7.70446184919411,1.9984014443252817e-17
169,S5,no_TTI,1.0,0.39965426711556673,3.8742138364779874,0.0,0.0,0.0,844.2719999999999,77.616,61.656000000000006,7.953326412606735,-1.2656542480726785e-17
170,S5,symptom_based_TTI,0.0,1.2083301053995086,3.800355450236967,1198.692,182.57399999999998,88.75800000000001,4082.208,76.97999999999999,26.706,20.538733819894954,5.259331565132584
171,S5,symptom_based_TTI,0.0,1.2071259825448186,3.850089232599643,1145.856,167.268,89.85000000000001,3925.6200000000003,77.664,26.754,21.530350972997365,5.029503707108523
172,S5,symptom_based_TTI,0.25,0.988005509233877,4.03059103059103,957.48,140.88,89.32799999999999,3482.4359999999997,81.426,39.726,17.25703369115813,4.483279011299089
173,S5,symptom_based_TTI,0.25,0.9980722067692518,3.8028293545534924,918.696,131.166,89.46600000000001,3227.076,77.418,37.266,15.78284372795817,4.050402286633365
174,S5,symptom_based_TTI,0.5,0.7935922856450043,3.9068838352796558,656.79,99.54,89.394,2630.268,76.278,43.296,14.169938442810645,3.317965772256292
175,S5,symptom_based_TTI,0.5,0.7646362737642384,3.6338993148644625,670.842,97.69800000000001,89.904,2553.8999999999996,73.194,41.754,13.515907758464921,2.522788415375787
176,S5,symptom_based_TTI,0.75,0.6131169274616823,3.841250751653638,414.468,62.178,89.46000000000001,1977.1800000000003,76.656,51.312,10.990567149423322,2.118071446151358
177,S5,symptom_based_TTI,0.75,0.642744396980177,3.928100659077292,390.81600000000003,56.052,88.806,1831.572,78.672,53.669999999999995,10.501508619842168,1.6276065974388432
178,S5,symptom_based_TTI,1.0,0.38872489802684773,3.9785692725626323,161.724,19.89,89.33399999999999,1269.192,79.086,62.717999999999996,7.862098382352876,0.7788280946694487
179,S5,symptom_based_TTI,1.0,0.39076648067228686,3.8716610377648144,159.258,20.418,89.48400000000001,1204.068,75.66,60.354,6.975724128742116,0.6939173059600572
180,S5,test_based_TTI,0.0,1.2521723465289216,3.8576178960096734,121.974,19.247999999999998,88.98,2219.4120000000003,76.566,27.906000000000002,19.687363152426183,4.119520113667722
181,S5,test_based_TTI,0.0,1.3167702964782595,3.9032536711776564,125.238,17.196,89.05799999999999,2259.2760000000003,81.336,29.285999999999998,20.601233976095873,4.009906585890122
182,S5,test_based_TTI,0.25,1.1240255590623414,4.102548725637181,101.574,13.392000000000001,89.724,1992.648,82.092,39.018,17.45003616176543,3.132212401397079
183,S5,test_based_TTI,0.25,1.0702878763313635,3.8170992366412215,99.102,13.565999999999999,89.634,1952.7240000000002,75.006,35.082,15.831528842389162,3.061314387699505
184,S5,test_based_TTI,0.5,0.7822653397375536,3.8358608385370205,71.622,10.05,89.664,1661.124,77.4,45.083999999999996,14.226827662709221,2.3046223120664053
185,S5,test_based_TTI,0.5,0.8131779268955892,3.873107207752877,70.848,12.054,89.982,1633.8,76.734,43.548,14.665418245880723,2.409900666463846
186,S5,test_based_TTI,0.75,0.5838583448052198,3.8848374354299606,40.872,6.324,89.49000000000001,1293.588,76.71,53.22,10.586438546439338,1.3746945770368078
187,S5,test_based_TTI,0.75,0.610882118100228,3.9361510791366907,46.206,5.706,89.976,1342.848,78.786,54.408,10.73530076557709,1.4152827585287588
188,S5,test_based_TTI,1.0,0.37755572245362384,3.86286226471467,17.238,2.052,89.7,1011.8039999999999,77.574,62.22599999999999,7.24755496518762,0.5183710164987142
189,S5,test_based_TTI,1.0,0.3977553577590404,3.8885236102809326,17.526000000000003,2.292,89.172,1022.3159999999999,78.066,61.71,7.776599236045748,0.5940642015837605
190,S5,test_based_TTI_test_contacts,0.0,1.2073270954250823,3.720512039012496,124.18799999999999,16.362,187.61999999999998,1016.58,73.24199999999999,25.788,19.708954335078836,3.9776044643829387
191,S5,test_based_TTI_test_contacts,0.0,1.239737363941125,3.8701681912068455,118.30799999999999,16.896,183.852,1041.132,78.69600000000001,29.028,20.814239894840174,3.644940546780912
192,S5,test_based_TTI_test_contacts,0.25,1.0632437296321744,3.928419128845568,99.27600000000001,14.724,168.34199999999998,968.256,77.382,36.102000000000004,17.381395755370555,2.954829258334822
193,S5,test_based_TTI_test_contacts,0.25,1.060779788050568,3.9271502907866545,102.552,12.234,170.868,987.9480000000001,76.97999999999999,35.099999999999994,17.67985853768932,3.4067360569434246
194,S5,test_based_TTI_test_contacts,0.5,0.7559475530612515,3.8036461446503287,63.102000000000004,9.756,139.908,935.3639999999999,76.362,44.970000000000006,14.184334525102315,2.0312623996399926
195,S5,test_based_TTI_test_contacts,0.5,0.8045936481100223,3.8299570288520566,68.232,9.516,143.55,918.252,74.868,44.142,12.770770305480529,2.2270330612647404
196,S5,test_based_TTI_test_contacts,0.75,0.5788360240101256,3.7109004739336493,41.448,5.238,121.632,900.576,75.16799999999999,51.797999999999995,10.377544973861005,1.267552523789909
197,S5,test_based_TTI_test_contacts,0.75,0.6059013580772241,3.8734251391737473,43.092,7.026,123.58800000000001,905.196,79.32000000000001,53.868,11.584643366143913,1.459708623150705
198,S5,test_based_TTI_test_contacts,1.0,0.36821593002019276,3.8812423873325215,17.226000000000003,2.166,102.78,850.8240000000001,76.476,60.852,7.858841310413138,0.5098320044689895
199,S5,test_based_TTI_test_contacts,1.0,0.36186495390993917,3.727139935728893,17.172,2.382,102.912,841.56,76.548,61.104,7.512153785362049,0.49986379123562275
